,FPKM_male_adult,SD_male_adult,enrichment_male_adult
Thoracicoabdominal ganglion,36.98,0.06,2.25
Accessory glands,36.5,7.01,2.22
Brain / CNS,30.27,0.42,1.84
Testis,27.53,2.83,1.68
Midgut,24.83,2.29,1.51
Crop,24.34,1.07,1.48
Head,24.17,1.98,1.47
Malpighian Tubules,23.54,1.87,1.43
Eye,23.43,0.27,1.43
Hindgut,22.73,3.59,1.38
Carcass,22.45,1.81,1.37
Salivary gland,21.45,2.11,1.31
Rectal pad,20.85,1.36,1.27
Heart,18.9,4.4,1.15
Whole body,16.43,1.15,1.0
Fat body,14.72,2.64,0.9
Mated Spermatheca,0,0,0.0
Virgin Spermatheca,0,0,0.0
Ovary,0,0,0.0
Trachea,0,0,0.0
Garland cells,0,0,0.0
