,FPKM_male_adult,SD_male_adult,enrichment_male_adult
Salivary gland,1360.01,102.17,2.78
Accessory glands,1332.23,161.13,2.72
Heart,1201.52,58.83,2.45
Malpighian Tubules,934.68,174.35,1.91
Crop,748.67,40.41,1.53
Carcass,750.16,32.56,1.53
Eye,660.75,42.72,1.35
Hindgut,653.15,60.38,1.33
Midgut,626.13,21.12,1.28
Rectal pad,595.65,59.27,1.22
Fat body,580.15,21.59,1.18
Thoracicoabdominal ganglion,569.78,57.04,1.16
Whole body,490.08,57.33,1.0
Head,365.99,13.31,0.75
Testis,223.22,20.01,0.46
Brain / CNS,227.71,13.61,0.46
Virgin Spermatheca,0,0,0.0
Mated Spermatheca,0,0,0.0
Ovary,0,0,0.0
Trachea,0,0,0.0
Garland cells,0,0,0.0
