,FPKM_male_adult,SD_male_adult,enrichment_male_adult
Testis,39.07,2.49,2.69
Heart,33.21,1.19,2.29
Fat body,23.76,4.19,1.64
Malpighian Tubules,22.13,4.32,1.52
Eye,21.91,1,1.51
Carcass,21.43,2.46,1.48
Salivary gland,18.27,0.73,1.26
Crop,18.01,0.2,1.24
Accessory glands,16.19,0.72,1.12
Midgut,15.4,0.45,1.06
Whole body,14.52,0.51,1.0
Head,14.04,1.04,0.97
Hindgut,13.95,1.03,0.96
Thoracicoabdominal ganglion,13.46,0.13,0.93
Brain / CNS,12.08,0.43,0.83
Rectal pad,11.31,1.05,0.78
Trachea,0,0,0.0
Ovary,0,0,0.0
Virgin Spermatheca,0,0,0.0
Mated Spermatheca,0,0,0.0
Garland cells,0,0,0.0
