,FPKM_male_adult,SD_male_adult,enrichment_male_adult
Salivary gland,5.37,0.74,2.69
Accessory glands,2.89,0.23,1.45
Trachea,0,0,0.0
Garland cells,0,0,0.0
Mated Spermatheca,0,0,0.0
Virgin Spermatheca,0,0,0.0
Ovary,0,0,0.0
Head,0.56,0.24,-1.0
Rectal pad,0.11,0.13,-1.0
Carcass,0.73,0.1,-1.0
Testis,0.34,0.23,-1.0
Heart,0.88,0.53,-1.0
Eye,1.2,0.16,-1.0
Fat body,0.89,0.43,-1.0
Malpighian Tubules,0.16,0.05,-1.0
Hindgut,0.19,0.14,-1.0
Midgut,0.03,0.05,-1.0
Crop,0.44,0.24,-1.0
Thoracicoabdominal ganglion,0.94,0.27,-1.0
Brain / CNS,0.56,0.15,-1.0
Whole body,0.51,0.19,-1.0
