,FPKM_male_adult,SD_male_adult,enrichment_male_adult
Thoracicoabdominal ganglion,77.53,0.38,3.73
Brain / CNS,72.43,2.3,3.49
Crop,40.51,0.24,1.95
Eye,40.31,2.23,1.94
Head,39.59,2.86,1.91
Rectal pad,38.62,2.53,1.86
Malpighian Tubules,38.16,6.48,1.84
Heart,35.23,6.51,1.7
Midgut,31.29,2.72,1.51
Hindgut,30.4,7.86,1.46
Carcass,29.18,0.98,1.4
Salivary gland,25.52,7.98,1.23
Accessory glands,25.52,0.45,1.23
Testis,24.91,1.31,1.2
Whole body,20.78,2.15,1.0
Fat body,16.01,0.82,0.77
Trachea,0,0,0.0
Ovary,0,0,0.0
Virgin Spermatheca,0,0,0.0
Mated Spermatheca,0,0,0.0
Garland cells,0,0,0.0
