,FPKM_male_adult,SD_male_adult,enrichment_male_adult
Salivary gland,4720.51,422.93,14.31
Accessory glands,3774.37,867.07,11.44
Carcass,475.9,37.79,1.44
Heart,342.57,36.52,1.04
Whole body,329.81,56.95,1.0
Fat body,223.48,15.47,0.68
Head,194.85,13.06,0.59
Eye,150.75,56.36,0.46
Crop,138.0,24.72,0.42
Thoracicoabdominal ganglion,72.14,1.48,0.22
Testis,41.84,24.6,0.13
Hindgut,16.85,16.71,0.05
Rectal pad,18.12,6.22,0.05
Brain / CNS,12.3,4.74,0.04
Malpighian Tubules,6.04,3.36,0.02
Midgut,2.8,2.59,0.01
Trachea,0,0,0.0
Ovary,0,0,0.0
Virgin Spermatheca,0,0,0.0
Mated Spermatheca,0,0,0.0
Garland cells,0,0,0.0
