,FPKM_male_adult,SD_male_adult,enrichment_male_adult
Testis,23.56,5.39,6.17
Eye,4.41,1.15,1.15
Whole body,3.82,0.41,1.0
Thoracicoabdominal ganglion,2.15,0.02,0.56
Heart,2.1,0.94,0.55
Brain / CNS,1.9,0.17,0.5
Head,1.69,0.15,0.44
Fat body,1.16,0.18,0.3
Carcass,0.77,0.13,0.2
Hindgut,0.46,0.05,0.12
Salivary gland,0.38,0.06,0.1
Malpighian Tubules,0.29,0.44,0.08
Crop,0.18,0.12,0.05
Accessory glands,0.13,0.04,0.03
Rectal pad,0.04,0.01,0.01
Midgut,0.01,0.02,0.0
Trachea,0,0,0.0
Ovary,0,0,0.0
Virgin Spermatheca,0,0,0.0
Mated Spermatheca,0,0,0.0
Garland cells,0,0,0.0
