,FPKM_male_adult,SD_male_adult,enrichment_male_adult
Hindgut,110.72,2.06,3.37
Rectal pad,107.46,2.44,3.27
Salivary gland,85.8,2.61,2.61
Heart,72.25,3.35,2.2
Accessory glands,63.98,2.75,1.95
Midgut,62.88,9.54,1.92
Fat body,49.53,15.64,1.51
Carcass,46.42,7.16,1.41
Head,38.89,2.3,1.18
Crop,36.96,2.31,1.13
Eye,35.18,2.93,1.07
Malpighian Tubules,34.82,6.99,1.06
Whole body,32.82,5.15,1.0
Testis,20.59,1.33,0.63
Thoracicoabdominal ganglion,16.89,1.97,0.51
Brain / CNS,14.87,0.27,0.45
Trachea,0,0,0.0
Ovary,0,0,0.0
Virgin Spermatheca,0,0,0.0
Mated Spermatheca,0,0,0.0
Garland cells,0,0,0.0
