,FPKM_male_adult,SD_male_adult,enrichment_male_adult
Accessory glands,909.19,32.5,2.68
Whole body,338.96,89.94,1.0
Head,228.24,149.61,0.67
Carcass,57.1,3.37,0.17
Testis,40.71,42.88,0.12
Rectal pad,22.81,8.93,0.07
Fat body,17.06,13.69,0.05
Heart,15.03,5.35,0.04
Eye,8.91,7.09,0.03
Thoracicoabdominal ganglion,3.15,1.63,0.01
Salivary gland,2.22,1.58,0.01
Hindgut,3.04,3.51,0.01
Trachea,0,0,0.0
Crop,0.48,0.21,0.0
Virgin Spermatheca,0,0,0.0
Mated Spermatheca,0,0,0.0
Malpighian Tubules,1.67,2.22,0.0
Brain / CNS,0.38,0.66,0.0
Midgut,0.2,0.34,0.0
Garland cells,0,0,0.0
Ovary,0,0,0.0
