,FPKM_male_adult,SD_male_adult,enrichment_male_adult
Eye,138.65,4.33,5.95
Carcass,56.11,1.65,2.41
Head,36.02,2.78,1.55
Whole body,23.31,0.85,1.0
Thoracicoabdominal ganglion,19.52,8.03,0.84
Salivary gland,16.04,3.47,0.69
Crop,7.24,7.23,0.31
Brain / CNS,5.45,1.21,0.23
Rectal pad,1.33,0.18,0.06
Heart,1.07,0.45,0.05
Accessory glands,0.85,1.1,0.04
Fat body,0.63,0.48,0.03
Testis,0.4,0.1,0.02
Malpighian Tubules,0.12,0.04,0.01
Hindgut,0.22,0.11,0.01
Trachea,0,0,0.0
Midgut,0.05,0.09,0.0
Virgin Spermatheca,0,0,0.0
Mated Spermatheca,0,0,0.0
Garland cells,0,0,0.0
Ovary,0,0,0.0
