,FPKM_male_adult,SD_male_adult,enrichment_male_adult
Malpighian Tubules,21.36,0.69,3.57
Heart,8.97,0.61,1.5
Hindgut,8.77,0.81,1.47
Accessory glands,8.54,2.52,1.43
Eye,7.66,0.33,1.28
Midgut,7.33,0.33,1.23
Salivary gland,7.31,0.35,1.22
Crop,6.97,0.71,1.17
Fat body,6.78,0.96,1.13
Rectal pad,6.14,0.72,1.03
Whole body,5.98,0.33,1.0
Carcass,5.94,1.15,0.99
Head,4.86,0.55,0.81
Testis,2.84,0.4,0.47
Thoracicoabdominal ganglion,2.4,0.28,0.4
Brain / CNS,1.16,0.1,0.19
Trachea,0,0,0.0
Ovary,0,0,0.0
Virgin Spermatheca,0,0,0.0
Mated Spermatheca,0,0,0.0
Garland cells,0,0,0.0
