,FPKM_male_adult,SD_male_adult,enrichment_male_adult
Thoracicoabdominal ganglion,125.84,2.04,8.58
Brain / CNS,104.11,3.72,7.1
Eye,62.81,8.07,4.28
Head,48.54,2.36,3.31
Testis,22.33,1.84,1.52
Whole body,14.67,1.01,1.0
Carcass,9.7,3.01,0.66
Salivary gland,3.59,0.58,0.24
Crop,3.38,0.9,0.23
Hindgut,1.2,0.16,0.08
Heart,1.24,0.29,0.08
Rectal pad,0.96,0.19,0.07
Fat body,0.54,0.49,0.04
Malpighian Tubules,0.37,0.39,0.03
Midgut,0.42,0.03,0.03
Accessory glands,0.45,0.03,0.03
Trachea,0,0,0.0
Ovary,0,0,0.0
Virgin Spermatheca,0,0,0.0
Mated Spermatheca,0,0,0.0
Garland cells,0,0,0.0
