,FPKM_male_adult,SD_male_adult,enrichment_male_adult
Testis,5.66,0.74,2.83
Thoracicoabdominal ganglion,4.4,1.33,2.2
Eye,4.0,0.37,2.0
Accessory glands,3.43,0.23,1.72
Brain / CNS,2.85,0.27,1.43
Salivary gland,2.6,0.25,1.3
Carcass,2.13,0.46,1.06
Midgut,2.07,0.16,1.03
Garland cells,0,0,0.0
Trachea,0,0,0.0
Ovary,0,0,0.0
Virgin Spermatheca,0,0,0.0
Mated Spermatheca,0,0,0.0
Head,1.81,0.11,-1.0
Rectal pad,1.67,0.21,-1.0
Heart,1.85,0.54,-1.0
Fat body,1.39,0.38,-1.0
Malpighian Tubules,1.78,0.08,-1.0
Hindgut,1.69,0.31,-1.0
Crop,1.64,0.37,-1.0
Whole body,1.85,0.24,-1.0
