,FPKM_male_adult,SD_male_adult,enrichment_male_adult
Brain / CNS,71.63,1.23,6.71
Thoracicoabdominal ganglion,52.08,9.03,4.88
Head,37.69,2.87,3.53
Crop,37.65,6.48,3.53
Eye,22.45,0.03,2.1
Midgut,11.01,1.08,1.03
Whole body,10.67,0.86,1.0
Fat body,8.28,0.78,0.78
Heart,7.78,3.08,0.73
Carcass,6.47,1.2,0.61
Testis,5.74,0.13,0.54
Rectal pad,3.99,0.2,0.37
Salivary gland,3.75,0.4,0.35
Hindgut,3.16,0.37,0.3
Accessory glands,2.77,0.71,0.26
Malpighian Tubules,2.37,0.27,0.22
Trachea,0,0,0.0
Ovary,0,0,0.0
Virgin Spermatheca,0,0,0.0
Mated Spermatheca,0,0,0.0
Garland cells,0,0,0.0
