,FPKM_male_adult,SD_male_adult,enrichment_male_adult
Accessory glands,310.3,35.94,4.09
Heart,150.63,33.14,1.99
Testis,145.87,4.84,1.92
Rectal pad,133.04,7.6,1.75
Crop,121.11,0.8,1.6
Eye,118.99,7.7,1.57
Thoracicoabdominal ganglion,117.95,5.17,1.56
Hindgut,107.11,5.48,1.41
Malpighian Tubules,105.74,20.52,1.39
Fat body,101.72,6.88,1.34
Carcass,99.0,14.74,1.31
Salivary gland,95.66,5.95,1.26
Midgut,82.25,4.26,1.08
Brain / CNS,77.2,4.79,1.02
Head,76.1,4.17,1.0
Whole body,75.84,6.35,1.0
Mated Spermatheca,0,0,0.0
Virgin Spermatheca,0,0,0.0
Ovary,0,0,0.0
Trachea,0,0,0.0
Garland cells,0,0,0.0
