,FPKM_male_adult,SD_male_adult,enrichment_male_adult
Crop,15.67,2.7,5.87
Rectal pad,11.87,0.42,4.45
Heart,7.21,1.69,2.7
Fat body,6.19,1.34,2.32
Accessory glands,4.85,0.37,1.82
Carcass,4.48,1.12,1.68
Head,3.26,1.29,1.22
Thoracicoabdominal ganglion,2.71,0.01,1.01
Whole body,2.67,0.35,1.0
Eye,1.92,0.42,0.72
Testis,1.53,0.24,0.57
Salivary gland,1.12,0.17,0.42
Brain / CNS,1.03,0.19,0.39
Malpighian Tubules,0.09,0.02,0.03
Hindgut,0.09,0.05,0.03
Trachea,0,0,0.0
Ovary,0,0,0.0
Virgin Spermatheca,0,0,0.0
Mated Spermatheca,0,0,0.0
Midgut,0.0,0,0.0
Garland cells,0,0,0.0
