,FPKM_male_adult,SD_male_adult,enrichment_male_adult
Brain / CNS,3.89,0.13,1.95
Eye,3.85,0.32,1.93
Thoracicoabdominal ganglion,3.12,0.18,1.56
Salivary gland,2.69,0.01,1.34
Midgut,2.53,0.39,1.26
Crop,2.4,0.74,1.2
Head,2.34,0.27,1.17
Heart,2.33,0.42,1.17
Rectal pad,2.0,0.06,1.0
Trachea,0,0,0.0
Ovary,0,0,0.0
Virgin Spermatheca,0,0,0.0
Mated Spermatheca,0,0,0.0
Garland cells,0,0,0.0
Fat body,1.9,0.15,-1.0
Malpighian Tubules,1.97,0.66,-1.0
Hindgut,1.58,0.16,-1.0
Testis,1.34,0.19,-1.0
Accessory glands,1.69,0.06,-1.0
Carcass,1.79,0.25,-1.0
Whole body,1.57,0.25,-1.0
