,FPKM_male_adult,SD_male_adult,enrichment_male_adult
Trachea,0,0,0.0
Garland cells,0,0,0.0
Mated Spermatheca,0,0,0.0
Virgin Spermatheca,0,0,0.0
Ovary,0,0,0.0
Head,0.06,0.1,-1.0
Rectal pad,0.16,0.06,-1.0
Carcass,0.61,0.97,-1.0
Accessory glands,0.03,0.05,-1.0
Testis,0.62,0.21,-1.0
Heart,0.0,0,-1.0
Eye,0.06,0.03,-1.0
Salivary gland,0.08,0.12,-1.0
Fat body,0.18,0.21,-1.0
Malpighian Tubules,0.33,0.13,-1.0
Hindgut,1.43,1.96,-1.0
Midgut,0.3,0.02,-1.0
Crop,0.06,0.09,-1.0
Thoracicoabdominal ganglion,1.1,0.87,-1.0
Brain / CNS,0.05,0.06,-1.0
Whole body,0.08,0.08,-1.0
