,FPKM_male_adult,SD_male_adult,enrichment_male_adult
Heart,48.44,10.95,3.9
Fat body,35.63,4.79,2.87
Eye,28.84,2.57,2.32
Carcass,24.93,2.5,2.01
Head,19.17,1.72,1.54
Whole body,12.41,0.74,1.0
Salivary gland,11.67,1.05,0.94
Testis,9.15,0.57,0.74
Thoracicoabdominal ganglion,8.88,1.09,0.72
Accessory glands,7.79,0.48,0.63
Malpighian Tubules,5.04,0.48,0.41
Crop,5.0,2.52,0.4
Midgut,4.66,0.71,0.38
Rectal pad,2.38,0.17,0.19
Hindgut,2.02,0.25,0.16
Brain / CNS,1.73,0.44,0.14
Trachea,0,0,0.0
Ovary,0,0,0.0
Virgin Spermatheca,0,0,0.0
Mated Spermatheca,0,0,0.0
Garland cells,0,0,0.0
