,FPKM_male_adult,SD_male_adult,enrichment_male_adult
Carcass,801.03,85.8,2.68
Salivary gland,605.94,20.44,2.02
Thoracicoabdominal ganglion,581.63,164.39,1.94
Heart,413.8,105.02,1.38
Rectal pad,340.43,32.97,1.14
Hindgut,310.73,23.47,1.04
Whole body,299.23,29.23,1.0
Crop,292.85,120.7,0.98
Fat body,236.69,30.49,0.79
Eye,228.96,40.17,0.77
Malpighian Tubules,218.28,62.15,0.73
Head,145.6,6.02,0.49
Brain / CNS,122.25,32.51,0.41
Accessory glands,114.18,26.16,0.38
Midgut,94.73,4.5,0.32
Testis,25.82,1.01,0.09
Trachea,0,0,0.0
Ovary,0,0,0.0
Virgin Spermatheca,0,0,0.0
Mated Spermatheca,0,0,0.0
Garland cells,0,0,0.0
