,FPKM_male_adult,SD_male_adult,enrichment_male_adult
Testis,17.68,0.52,8.71
Whole body,2.03,0.48,1.0
Salivary gland,0.36,0.4,0.18
Carcass,0.34,0.3,0.17
Heart,0.28,0.08,0.14
Malpighian Tubules,0.25,0.36,0.12
Thoracicoabdominal ganglion,0.23,0.04,0.11
Hindgut,0.21,0.27,0.1
Brain / CNS,0.2,0.13,0.1
Midgut,0.18,0.07,0.09
Fat body,0.1,0.11,0.05
Crop,0.1,0.04,0.05
Head,0.08,0.05,0.04
Accessory glands,0.06,0.05,0.03
Eye,0.05,0.03,0.02
Rectal pad,0.04,0.03,0.02
Trachea,0,0,0.0
Ovary,0,0,0.0
Virgin Spermatheca,0,0,0.0
Mated Spermatheca,0,0,0.0
Garland cells,0,0,0.0
