,FPKM_male_adult,SD_male_adult,enrichment_male_adult
Salivary gland,21.71,1.02,3.33
Midgut,12.06,0.63,1.85
Eye,10.96,1.21,1.68
Brain / CNS,8.84,0.45,1.36
Malpighian Tubules,8.66,1.44,1.33
Head,7.98,0.27,1.23
Crop,7.62,1.38,1.17
Testis,7.58,1.57,1.16
Whole body,6.51,0.62,1.0
Thoracicoabdominal ganglion,5.98,0.33,0.92
Heart,5.6,0.62,0.86
Hindgut,5.43,0.39,0.83
Carcass,4.89,0.89,0.75
Fat body,4.63,1.03,0.71
Accessory glands,3.9,0.1,0.6
Rectal pad,3.0,0.41,0.46
Trachea,0,0,0.0
Ovary,0,0,0.0
Virgin Spermatheca,0,0,0.0
Mated Spermatheca,0,0,0.0
Garland cells,0,0,0.0
