,FPKM_male_adult,SD_male_adult,enrichment_male_adult
Salivary gland,31.04,5.05,1.96
Head,18.77,0.98,1.18
Whole body,15.85,0.41,1.0
Thoracicoabdominal ganglion,14.75,1.81,0.93
Brain / CNS,12.58,1.44,0.79
Malpighian Tubules,12.26,4.46,0.77
Heart,9.89,1.44,0.62
Carcass,9.52,2.23,0.6
Eye,8.38,0.76,0.53
Midgut,8.26,1.97,0.52
Accessory glands,4.98,1.24,0.31
Fat body,4.65,0.91,0.29
Crop,4.21,0.59,0.27
Rectal pad,3.41,0.1,0.22
Testis,2.69,1.2,0.17
Hindgut,2.05,0.43,0.13
Trachea,0,0,0.0
Virgin Spermatheca,0,0,0.0
Mated Spermatheca,0,0,0.0
Garland cells,0,0,0.0
Ovary,0,0,0.0
