,FPKM_male_adult,SD_male_adult,enrichment_male_adult
Accessory glands,4.42,0.05,2.12
Brain / CNS,3.66,0.27,1.76
Hindgut,3.34,0.24,1.61
Testis,3.24,0.14,1.56
Salivary gland,3.22,0.16,1.55
Eye,3.06,0.54,1.47
Head,2.98,0.44,1.43
Heart,2.87,1,1.38
Crop,2.71,0.28,1.3
Malpighian Tubules,2.56,0.2,1.23
Midgut,2.35,0.44,1.13
Rectal pad,2.34,0.28,1.12
Carcass,2.16,0.03,1.04
Whole body,2.08,0.19,1.0
Thoracicoabdominal ganglion,1.87,0.81,0.9
Fat body,1.42,0.4,0.68
Trachea,0,0,0.0
Ovary,0,0,0.0
Virgin Spermatheca,0,0,0.0
Mated Spermatheca,0,0,0.0
Garland cells,0,0,0.0
