,FPKM_male_adult,SD_male_adult,enrichment_male_adult
Accessory glands,28.37,7.3,4.15
Testis,20.74,1.14,3.04
Salivary gland,12.07,0.06,1.77
Midgut,9.32,1.31,1.36
Heart,7.43,0.56,1.09
Thoracicoabdominal ganglion,6.97,0.96,1.02
Whole body,6.83,0.66,1.0
Fat body,6.65,3.5,0.97
Crop,6.23,0.6,0.91
Hindgut,5.74,0.89,0.84
Carcass,5.73,0.49,0.84
Rectal pad,5.55,0.4,0.81
Brain / CNS,5.48,0.58,0.8
Eye,5.37,0.15,0.79
Head,4.36,0.44,0.64
Malpighian Tubules,3.83,0.16,0.56
Trachea,0,0,0.0
Ovary,0,0,0.0
Virgin Spermatheca,0,0,0.0
Mated Spermatheca,0,0,0.0
Garland cells,0,0,0.0
