,FPKM_male_adult,SD_male_adult,enrichment_male_adult
Eye,47.02,10.42,4.18
Crop,26.77,8.08,2.38
Malpighian Tubules,23.88,3.37,2.12
Midgut,23.69,4.21,2.11
Rectal pad,15.95,1.66,1.42
Hindgut,12.88,1.01,1.14
Head,11.8,0.86,1.05
Whole body,11.25,0.44,1.0
Carcass,9.5,1.02,0.84
Thoracicoabdominal ganglion,8.17,0.49,0.73
Salivary gland,7.46,0.03,0.66
Accessory glands,5.89,2.5,0.52
Fat body,5.44,1.49,0.48
Testis,4.79,0.24,0.43
Heart,4.58,0.81,0.41
Brain / CNS,4.11,0.1,0.37
Trachea,0,0,0.0
Ovary,0,0,0.0
Virgin Spermatheca,0,0,0.0
Mated Spermatheca,0,0,0.0
Garland cells,0,0,0.0
