,FPKM_male_adult,SD_male_adult,enrichment_male_adult
Fat body,26.05,7.64,1.56
Salivary gland,23.77,1.87,1.43
Malpighian Tubules,18.6,6.42,1.12
Heart,17.98,9.67,1.08
Whole body,16.68,4.66,1.0
Carcass,13.99,2.2,0.84
Crop,13.73,2.79,0.82
Midgut,11.74,2.29,0.7
Rectal pad,11.34,0.92,0.68
Head,10.37,2.23,0.62
Eye,8.0,0.05,0.48
Thoracicoabdominal ganglion,6.34,0.01,0.38
Accessory glands,4.94,0.64,0.3
Testis,4.77,1.47,0.29
Hindgut,3.98,0.45,0.24
Brain / CNS,1.97,0.19,0.12
Trachea,0,0,0.0
Ovary,0,0,0.0
Virgin Spermatheca,0,0,0.0
Mated Spermatheca,0,0,0.0
Garland cells,0,0,0.0
