,FPKM_male_adult,SD_male_adult,enrichment_male_adult
Testis,61.33,24.34,3.52
Accessory glands,20.46,1.86,1.17
Head,18.24,3.83,1.05
Whole body,17.42,0.89,1.0
Heart,11.4,4.69,0.65
Malpighian Tubules,11.1,7.04,0.64
Crop,10.04,0.86,0.58
Fat body,9.94,3.12,0.57
Midgut,8.55,1.69,0.49
Hindgut,7.99,1.33,0.46
Rectal pad,7.82,1.51,0.45
Salivary gland,7.17,0.36,0.41
Thoracicoabdominal ganglion,7.05,1.66,0.4
Carcass,6.82,1.72,0.39
Eye,6.23,0.95,0.36
Brain / CNS,6.16,0.71,0.35
Trachea,0,0,0.0
Virgin Spermatheca,0,0,0.0
Mated Spermatheca,0,0,0.0
Garland cells,0,0,0.0
Ovary,0,0,0.0
