,FPKM_male_adult,SD_male_adult,enrichment_male_adult
Testis,184.77,56.46,6.09
Hindgut,33.19,2.7,1.09
Whole body,30.35,4.01,1.0
Heart,24.54,3.6,0.81
Rectal pad,23.58,1.83,0.78
Eye,19.31,2.34,0.64
Carcass,17.34,2.3,0.57
Fat body,16.47,0.69,0.54
Head,13.3,1.73,0.44
Brain / CNS,8.78,0.53,0.29
Thoracicoabdominal ganglion,8.62,1.17,0.28
Salivary gland,8.11,4.41,0.27
Crop,6.91,2.12,0.23
Malpighian Tubules,1.83,2.2,0.06
Accessory glands,0.63,0.38,0.02
Midgut,0.22,0.16,0.01
Virgin Spermatheca,0,0,0.0
Mated Spermatheca,0,0,0.0
Trachea,0,0,0.0
Garland cells,0,0,0.0
Ovary,0,0,0.0
