,FPKM_male_adult,SD_male_adult,enrichment_male_adult
Rectal pad,22.87,0.56,7.06
Accessory glands,15.7,0.44,4.85
Hindgut,4.43,0.12,1.37
Whole body,3.24,0.2,1.0
Testis,3.21,0.52,0.99
Carcass,2.11,0.49,0.65
Thoracicoabdominal ganglion,1.66,0.25,0.51
Fat body,0.65,0.44,0.2
Heart,0.51,0.26,0.16
Malpighian Tubules,0.22,0.12,0.07
Salivary gland,0.18,0.1,0.06
Midgut,0.16,0.13,0.05
Crop,0.03,0.01,0.01
Brain / CNS,0.02,0.02,0.01
Eye,0.0,0.01,0.0
Trachea,0,0,0.0
Ovary,0,0,0.0
Virgin Spermatheca,0,0,0.0
Mated Spermatheca,0,0,0.0
Garland cells,0,0,0.0
Head,0.0,0,0.0
