,FPKM_male_adult,SD_male_adult,enrichment_male_adult
Eye,127.28,20.11,30.97
Head,20.48,0.69,4.98
Whole body,4.11,0.41,1.0
Testis,1.45,0.24,0.35
Salivary gland,0.6,0.21,0.15
Brain / CNS,0.19,0.12,0.05
Crop,0.18,0.12,0.04
Carcass,0.11,0.06,0.03
Thoracicoabdominal ganglion,0.08,0.03,0.02
Heart,0.07,0.04,0.02
Fat body,0.0,0,0.0
Trachea,0,0,0.0
Malpighian Tubules,0.0,0,0.0
Virgin Spermatheca,0,0,0.0
Mated Spermatheca,0,0,0.0
Hindgut,0.0,0.01,0.0
Accessory glands,0.01,0.02,0.0
Midgut,0.0,0,0.0
Rectal pad,0.01,0.01,0.0
Garland cells,0,0,0.0
Ovary,0,0,0.0
