,FPKM_male_adult,SD_male_adult,enrichment_male_adult
Heart,665.98,86.17,2.95
Carcass,534.89,52.93,2.37
Salivary gland,445.62,13.95,1.97
Thoracicoabdominal ganglion,376.77,79.56,1.67
Rectal pad,341.82,28.12,1.51
Hindgut,305.08,24.92,1.35
Crop,257.6,37.24,1.14
Fat body,244.27,28.04,1.08
Whole body,225.99,27.48,1.0
Eye,222.02,4.07,0.98
Accessory glands,204.54,16.89,0.91
Malpighian Tubules,190.77,74.58,0.84
Brain / CNS,165.83,16.44,0.73
Head,139.82,5.25,0.62
Midgut,130.71,5.19,0.58
Testis,117.99,2.66,0.52
Trachea,0,0,0.0
Ovary,0,0,0.0
Virgin Spermatheca,0,0,0.0
Mated Spermatheca,0,0,0.0
Garland cells,0,0,0.0
