,FPKM_male_adult,SD_male_adult,enrichment_male_adult
Heart,13.97,2.61,2.73
Rectal pad,10.81,0.94,2.11
Carcass,9.2,0.88,1.8
Crop,8.66,0.83,1.69
Midgut,7.17,0.21,1.4
Fat body,6.87,1.51,1.34
Hindgut,6.75,0.65,1.32
Eye,6.04,0.45,1.18
Malpighian Tubules,5.57,0.6,1.09
Whole body,5.12,0.96,1.0
Head,4.91,0.72,0.96
Thoracicoabdominal ganglion,4.86,0.23,0.95
Salivary gland,3.82,0.11,0.75
Brain / CNS,3.69,0.36,0.72
Testis,3.4,0.59,0.66
Accessory glands,2.17,0.11,0.42
Trachea,0,0,0.0
Ovary,0,0,0.0
Virgin Spermatheca,0,0,0.0
Mated Spermatheca,0,0,0.0
Garland cells,0,0,0.0
