,FPKM_male_adult,SD_male_adult,enrichment_male_adult
Trachea,0,0,0.0
Garland cells,0,0,0.0
Mated Spermatheca,0,0,0.0
Virgin Spermatheca,0,0,0.0
Ovary,0,0,0.0
Head,0.57,0.09,-1.0
Rectal pad,0.34,0.12,-1.0
Carcass,0.61,0.07,-1.0
Accessory glands,0.03,0.01,-1.0
Testis,0.14,0.03,-1.0
Heart,0.29,0.08,-1.0
Eye,1.27,0.25,-1.0
Salivary gland,0.2,0.11,-1.0
Fat body,0.21,0.18,-1.0
Malpighian Tubules,0.0,0.01,-1.0
Hindgut,0.46,0.07,-1.0
Midgut,0.02,0.02,-1.0
Crop,0.66,0.04,-1.0
Thoracicoabdominal ganglion,0.13,0.01,-1.0
Brain / CNS,0.04,0.03,-1.0
Whole body,0.5,0.11,-1.0
