,FPKM_male_adult,SD_male_adult,enrichment_male_adult
Heart,6.44,1.17,2.12
Malpighian Tubules,6.43,1.61,2.12
Salivary gland,5.92,0.01,1.95
Accessory glands,5.78,0.53,1.9
Crop,5.73,1.46,1.88
Eye,4.97,0.17,1.63
Thoracicoabdominal ganglion,4.94,0.76,1.62
Carcass,4.32,0.18,1.42
Brain / CNS,4.19,0.36,1.38
Midgut,4.01,0.45,1.32
Rectal pad,4.0,0.63,1.32
Testis,3.82,0.65,1.26
Hindgut,3.77,0.23,1.24
Head,3.45,0.19,1.13
Whole body,3.04,0.35,1.0
Fat body,1.86,0.73,0.61
Mated Spermatheca,0,0,0.0
Virgin Spermatheca,0,0,0.0
Ovary,0,0,0.0
Trachea,0,0,0.0
Garland cells,0,0,0.0
