,FPKM_male_adult,SD_male_adult,enrichment_male_adult
Head,2.17,0.15,1.08
Eye,2.07,0.55,1.03
Trachea,0,0,0.0
Garland cells,0,0,0.0
Mated Spermatheca,0,0,0.0
Virgin Spermatheca,0,0,0.0
Ovary,0,0,0.0
Rectal pad,0.23,0.06,-1.0
Carcass,0.86,0.42,-1.0
Accessory glands,0.4,0.11,-1.0
Testis,1.03,0.29,-1.0
Heart,0.53,0.34,-1.0
Salivary gland,0.86,0.19,-1.0
Fat body,0.14,0.04,-1.0
Malpighian Tubules,0.04,0.04,-1.0
Hindgut,0.37,0.13,-1.0
Midgut,0.72,0.27,-1.0
Crop,1.45,0.1,-1.0
Thoracicoabdominal ganglion,0.77,0.06,-1.0
Brain / CNS,0.72,0.27,-1.0
Whole body,1.38,0.22,-1.0
