,FPKM_male_adult,SD_male_adult,enrichment_male_adult
Brain / CNS,23.46,0.95,1.73
Testis,21.54,3.82,1.59
Head,17.82,1.26,1.32
Thoracicoabdominal ganglion,14.37,0.59,1.06
Midgut,14.04,1.95,1.04
Eye,13.5,2.31,1.0
Whole body,13.55,0.96,1.0
Crop,11.95,1.05,0.88
Salivary gland,11.59,0.81,0.86
Malpighian Tubules,10.41,2.14,0.77
Hindgut,9.56,0.66,0.71
Heart,9.6,4.2,0.71
Accessory glands,9.2,0.11,0.68
Carcass,8.53,1.22,0.63
Rectal pad,8.04,0.64,0.59
Fat body,7.11,0.57,0.52
Trachea,0,0,0.0
Ovary,0,0,0.0
Virgin Spermatheca,0,0,0.0
Mated Spermatheca,0,0,0.0
Garland cells,0,0,0.0
