,FPKM_male_adult,SD_male_adult,enrichment_male_adult
Testis,29.91,2.22,8.47
Whole body,3.53,0.54,1.0
Salivary gland,3.13,3.79,0.89
Brain / CNS,1.42,1.03,0.4
Carcass,1.31,1.24,0.37
Thoracicoabdominal ganglion,1.27,0.21,0.36
Hindgut,1.2,1.46,0.34
Midgut,0.91,0.33,0.26
Heart,0.67,0.39,0.19
Malpighian Tubules,0.62,0.64,0.18
Eye,0.59,0.25,0.17
Head,0.52,0.09,0.15
Fat body,0.47,0.22,0.13
Crop,0.41,0.14,0.12
Rectal pad,0.32,0.07,0.09
Accessory glands,0.22,0.06,0.06
Trachea,0,0,0.0
Ovary,0,0,0.0
Virgin Spermatheca,0,0,0.0
Mated Spermatheca,0,0,0.0
Garland cells,0,0,0.0
