,FPKM_male_adult,SD_male_adult,enrichment_male_adult
Salivary gland,1857.15,111.16,61.88
Heart,100.38,38.53,3.34
Carcass,60.64,1,2.02
Head,43.19,4.55,1.44
Eye,37.28,12.47,1.24
Fat body,35.73,4.28,1.19
Whole body,30.01,3.09,1.0
Thoracicoabdominal ganglion,29.85,0.49,0.99
Hindgut,23.57,2.81,0.79
Crop,18.57,10.37,0.62
Rectal pad,15.82,2.54,0.53
Brain / CNS,8.3,0.54,0.28
Malpighian Tubules,5.23,1.18,0.17
Midgut,4.64,1.94,0.15
Accessory glands,3.2,0.41,0.11
Testis,1.01,0.09,0.03
Trachea,0,0,0.0
Virgin Spermatheca,0,0,0.0
Mated Spermatheca,0,0,0.0
Garland cells,0,0,0.0
Ovary,0,0,0.0
