,FPKM_male_adult,SD_male_adult,enrichment_male_adult
Malpighian Tubules,99.11,17.25,4.09
Midgut,86.49,9.29,3.57
Accessory glands,75.62,25.45,3.12
Salivary gland,64.78,7.02,2.67
Whole body,24.25,4.05,1.0
Hindgut,22.82,2.76,0.94
Crop,20.34,4.39,0.84
Heart,19.38,3.63,0.8
Carcass,16.35,0.72,0.67
Rectal pad,15.11,0.82,0.62
Eye,13.12,1.21,0.54
Head,12.97,0.45,0.53
Thoracicoabdominal ganglion,11.56,1.73,0.48
Testis,10.49,0.89,0.43
Fat body,7.92,0.79,0.33
Brain / CNS,5.35,0.54,0.22
Trachea,0,0,0.0
Ovary,0,0,0.0
Virgin Spermatheca,0,0,0.0
Mated Spermatheca,0,0,0.0
Garland cells,0,0,0.0
