,FPKM_male_adult,SD_male_adult,enrichment_male_adult
Malpighian Tubules,131.33,14.12,9.52
Thoracicoabdominal ganglion,33.19,1.51,2.41
Eye,24.48,2.26,1.78
Head,18.55,0.91,1.35
Brain / CNS,18.22,0.19,1.32
Whole body,13.79,0.37,1.0
Crop,11.16,0.99,0.81
Midgut,10.21,1.08,0.74
Carcass,9.06,2.77,0.66
Rectal pad,9.01,0.88,0.65
Heart,8.37,4.59,0.61
Hindgut,7.91,0.48,0.57
Salivary gland,7.42,0.13,0.54
Accessory glands,7.1,0.63,0.51
Testis,6.74,1.01,0.49
Fat body,3.98,0.99,0.29
Trachea,0,0,0.0
Ovary,0,0,0.0
Virgin Spermatheca,0,0,0.0
Mated Spermatheca,0,0,0.0
Garland cells,0,0,0.0
