,FPKM_male_adult,SD_male_adult,enrichment_male_adult
Midgut,3397.81,936.05,20.08
Salivary gland,218.21,211.85,1.29
Whole body,169.23,36.81,1.0
Carcass,108.0,40.29,0.64
Thoracicoabdominal ganglion,42.52,27.18,0.25
Crop,29.47,19.18,0.17
Testis,20.63,6.42,0.12
Malpighian Tubules,20.85,32.55,0.12
Heart,6.35,3.91,0.04
Fat body,5.83,6.18,0.03
Eye,5.77,2.05,0.03
Hindgut,3.55,5.62,0.02
Head,2.79,0.77,0.02
Accessory glands,1.24,0.1,0.01
Brain / CNS,2.06,1.83,0.01
Trachea,0,0,0.0
Ovary,0,0,0.0
Virgin Spermatheca,0,0,0.0
Mated Spermatheca,0,0,0.0
Rectal pad,0.54,0.07,0.0
Garland cells,0,0,0.0
