,FPKM_male_adult,SD_male_adult,enrichment_male_adult
Trachea,0,0,0.0
Garland cells,0,0,0.0
Mated Spermatheca,0,0,0.0
Virgin Spermatheca,0,0,0.0
Ovary,0,0,0.0
Head,0.45,0.05,-1.0
Rectal pad,0.07,0.06,-1.0
Carcass,0.27,0.07,-1.0
Accessory glands,0.3,0.12,-1.0
Testis,0.29,0.09,-1.0
Heart,0.3,0.3,-1.0
Eye,0.42,0.06,-1.0
Salivary gland,0.32,0.1,-1.0
Fat body,0.31,0.29,-1.0
Malpighian Tubules,0.51,0.24,-1.0
Hindgut,0.22,0.19,-1.0
Midgut,0.39,0.15,-1.0
Crop,0.19,0.07,-1.0
Thoracicoabdominal ganglion,0.8,0.05,-1.0
Brain / CNS,0.5,0.12,-1.0
Whole body,0.14,0.14,-1.0
