,FPKM_male_adult,SD_male_adult,enrichment_male_adult
Testis,47.01,9.51,9.83
Whole body,4.78,1.83,1.0
Malpighian Tubules,0.74,1.06,0.15
Carcass,0.73,0.46,0.15
Heart,0.61,0.63,0.13
Fat body,0.34,0.58,0.07
Hindgut,0.24,0.21,0.05
Crop,0.24,0.33,0.05
Accessory glands,0.13,0.22,0.03
Brain / CNS,0.16,0.01,0.03
Rectal pad,0.11,0.19,0.02
Eye,0.04,0.06,0.01
Midgut,0.0,0,0.0
Salivary gland,0.0,0,0.0
Trachea,0,0,0.0
Ovary,0,0,0.0
Virgin Spermatheca,0,0,0.0
Mated Spermatheca,0,0,0.0
Thoracicoabdominal ganglion,0.0,0,0.0
Garland cells,0,0,0.0
Head,0.0,0,0.0
