,FPKM_male_adult,SD_male_adult,enrichment_male_adult
Midgut,13.23,0.72,1.67
Malpighian Tubules,10.67,1.39,1.34
Testis,10.34,1.14,1.3
Hindgut,10.33,0.22,1.3
Heart,9.74,0.34,1.23
Salivary gland,9.75,0.35,1.23
Crop,9.71,0.37,1.22
Rectal pad,9.02,0.7,1.14
Brain / CNS,8.8,0.37,1.11
Thoracicoabdominal ganglion,8.2,0.72,1.03
Carcass,8.04,0.96,1.01
Whole body,7.94,0.68,1.0
Eye,7.93,0.42,1.0
Accessory glands,7.76,1.21,0.98
Head,7.4,0.7,0.93
Fat body,5.98,0.57,0.75
Ovary,0,0,0.0
Virgin Spermatheca,0,0,0.0
Mated Spermatheca,0,0,0.0
Trachea,0,0,0.0
Garland cells,0,0,0.0
