,FPKM_male_adult,SD_male_adult,enrichment_male_adult
Heart,902.33,320.75,4.33
Accessory glands,777.81,111.37,3.74
Salivary gland,436.06,42.94,2.09
Rectal pad,330.12,12.71,1.59
Crop,313.49,15.81,1.51
Malpighian Tubules,311.07,60.64,1.49
Carcass,310.49,50.49,1.49
Hindgut,286.99,4.51,1.38
Midgut,282.29,6.73,1.36
Eye,283.95,39.03,1.36
Fat body,232.01,12.54,1.11
Thoracicoabdominal ganglion,212.89,11.3,1.02
Whole body,208.18,36.05,1.0
Head,178.83,9.91,0.86
Brain / CNS,152.47,6.04,0.73
Testis,98.51,7.33,0.47
Virgin Spermatheca,0,0,0.0
Mated Spermatheca,0,0,0.0
Ovary,0,0,0.0
Trachea,0,0,0.0
Garland cells,0,0,0.0
