,FPKM_male_adult,SD_male_adult,enrichment_male_adult
Testis,6.61,0.62,3.31
Trachea,0,0,0.0
Garland cells,0,0,0.0
Mated Spermatheca,0,0,0.0
Virgin Spermatheca,0,0,0.0
Ovary,0,0,0.0
Head,0.4,0.06,-1.0
Rectal pad,0.12,0.06,-1.0
Carcass,0.18,0.05,-1.0
Accessory glands,0.1,0.04,-1.0
Heart,0.2,0.1,-1.0
Eye,0.44,0.11,-1.0
Salivary gland,0.16,0.04,-1.0
Fat body,0.0,0,-1.0
Malpighian Tubules,0.17,0.06,-1.0
Hindgut,0.16,0.06,-1.0
Midgut,0.1,0.05,-1.0
Crop,0.2,0.07,-1.0
Thoracicoabdominal ganglion,0.49,0.08,-1.0
Brain / CNS,0.8,0.21,-1.0
Whole body,0.86,0.04,-1.0
