,FPKM_male_adult,SD_male_adult,enrichment_male_adult
Accessory glands,524.06,186.4,20.55
Crop,78.56,2.16,3.08
Rectal pad,38.61,3.45,1.51
Whole body,25.5,1.85,1.0
Carcass,12.41,5.1,0.49
Hindgut,9.7,2.28,0.38
Testis,4.91,3.99,0.19
Head,4.55,0.15,0.18
Salivary gland,2.19,0.83,0.09
Heart,2.28,0.94,0.09
Fat body,1.85,1.92,0.07
Eye,0.63,0.01,0.02
Thoracicoabdominal ganglion,0.54,0.11,0.02
Brain / CNS,0.3,0.02,0.01
Trachea,0,0,0.0
Ovary,0,0,0.0
Virgin Spermatheca,0,0,0.0
Mated Spermatheca,0,0,0.0
Malpighian Tubules,0.1,0.11,0.0
Midgut,0.03,0.03,0.0
Garland cells,0,0,0.0
