,FPKM_male_adult,SD_male_adult,enrichment_male_adult
Head,59.41,6.62,4.75
Brain / CNS,53.16,2.67,4.25
Thoracicoabdominal ganglion,49.0,10.22,3.91
Whole body,12.52,0.79,1.0
Eye,4.7,0.4,0.38
Carcass,3.45,1.79,0.28
Testis,2.03,0.32,0.16
Salivary gland,1.4,0.01,0.11
Crop,1.03,0.01,0.08
Fat body,0.66,0.49,0.05
Heart,0.09,0.15,0.01
Malpighian Tubules,0.08,0.14,0.01
Hindgut,0.07,0.05,0.01
Trachea,0,0,0.0
Midgut,0.0,0,0.0
Virgin Spermatheca,0,0,0.0
Mated Spermatheca,0,0,0.0
Accessory glands,0.03,0.05,0.0
Rectal pad,0.03,0.03,0.0
Garland cells,0,0,0.0
Ovary,0,0,0.0
