,FPKM_male_adult,SD_male_adult,enrichment_male_adult
Testis,9.24,1.57,1.38
Eye,8.69,1.22,1.29
Brain / CNS,8.1,0.11,1.21
Salivary gland,7.43,0.42,1.11
Thoracicoabdominal ganglion,7.23,0.28,1.08
Midgut,6.89,0.19,1.03
Heart,6.84,1.38,1.02
Whole body,6.72,0.33,1.0
Head,6.61,0.67,0.98
Malpighian Tubules,6.32,0.63,0.94
Carcass,5.38,1.06,0.8
Crop,5.29,1.17,0.79
Accessory glands,5.14,0.27,0.76
Hindgut,3.92,0.18,0.58
Fat body,3.71,0.29,0.55
Rectal pad,3.5,0.44,0.52
Trachea,0,0,0.0
Ovary,0,0,0.0
Virgin Spermatheca,0,0,0.0
Mated Spermatheca,0,0,0.0
Garland cells,0,0,0.0
