,FPKM_male_adult,SD_male_adult,enrichment_male_adult
Fat body,1682.7,188.45,3.01
Heart,1061.57,428.8,1.9
Accessory glands,1008.92,171.03,1.8
Malpighian Tubules,607.47,178.59,1.09
Carcass,596.36,147.62,1.07
Whole body,559.66,127.85,1.0
Eye,530.83,45.21,0.95
Head,413.3,64.47,0.74
Testis,367.53,102.25,0.66
Rectal pad,368.12,40.43,0.66
Salivary gland,348.32,30.49,0.62
Hindgut,337.91,20.07,0.6
Midgut,254.76,15.07,0.46
Crop,249.99,34.02,0.45
Thoracicoabdominal ganglion,216.73,12.04,0.39
Brain / CNS,83.8,8.91,0.15
Trachea,0,0,0.0
Ovary,0,0,0.0
Virgin Spermatheca,0,0,0.0
Mated Spermatheca,0,0,0.0
Garland cells,0,0,0.0
