,FPKM_male_adult,SD_male_adult,enrichment_male_adult
Brain / CNS,17.01,2.25,2.75
Midgut,11.54,0.93,1.86
Head,11.22,0.59,1.81
Thoracicoabdominal ganglion,9.84,0.54,1.59
Eye,8.32,0.74,1.34
Malpighian Tubules,6.42,0.5,1.04
Whole body,6.19,0.58,1.0
Carcass,5.0,0.94,0.81
Salivary gland,4.77,0.5,0.77
Hindgut,4.59,0.53,0.74
Accessory glands,4.29,0.21,0.69
Fat body,3.8,0.7,0.61
Crop,3.77,0.27,0.61
Heart,3.74,1.16,0.6
Rectal pad,3.44,0.34,0.56
Testis,2.72,0.47,0.44
Trachea,0,0,0.0
Ovary,0,0,0.0
Virgin Spermatheca,0,0,0.0
Mated Spermatheca,0,0,0.0
Garland cells,0,0,0.0
