,FPKM_male_adult,SD_male_adult,enrichment_male_adult
Head,22.85,1.28,1.96
Testis,16.47,6.63,1.41
Thoracicoabdominal ganglion,15.65,2.41,1.34
Salivary gland,15.3,1.35,1.31
Brain / CNS,15.07,0.74,1.29
Eye,14.0,2.27,1.2
Heart,12.86,3.48,1.1
Whole body,11.65,1.16,1.0
Carcass,11.57,2.52,0.99
Crop,7.13,1.22,0.61
Malpighian Tubules,6.25,0.93,0.54
Rectal pad,6.18,0.38,0.53
Midgut,4.75,0.47,0.41
Hindgut,4.6,0.35,0.39
Fat body,4.35,0.84,0.37
Accessory glands,3.86,0.13,0.33
Trachea,0,0,0.0
Ovary,0,0,0.0
Virgin Spermatheca,0,0,0.0
Mated Spermatheca,0,0,0.0
Garland cells,0,0,0.0
