,FPKM_male_adult,SD_male_adult,enrichment_male_adult
Midgut,148.69,17.49,2.96
Crop,141.56,17.06,2.82
Rectal pad,108.33,11.19,2.16
Testis,103.03,7.38,2.05
Salivary gland,89.77,1.65,1.79
Accessory glands,79.96,3.01,1.59
Eye,65.12,1.71,1.3
Hindgut,64.45,5.24,1.28
Malpighian Tubules,64.41,7.69,1.28
Carcass,63.6,7.39,1.27
Head,62.58,2.74,1.25
Heart,53.41,5.66,1.06
Whole body,50.22,5.72,1.0
Thoracicoabdominal ganglion,44.52,6.78,0.89
Fat body,43.28,1.13,0.86
Brain / CNS,42.84,1.57,0.85
Ovary,0,0,0.0
Virgin Spermatheca,0,0,0.0
Mated Spermatheca,0,0,0.0
Trachea,0,0,0.0
Garland cells,0,0,0.0
