,FPKM_male_adult,SD_male_adult,enrichment_male_adult
Accessory glands,11.07,3.5,3.55
Eye,5.87,0.6,1.88
Salivary gland,5.13,0.64,1.64
Midgut,5.03,0.23,1.61
Brain / CNS,4.61,0.14,1.48
Crop,4.42,0.43,1.42
Heart,4.29,0.08,1.38
Malpighian Tubules,4.3,0.86,1.38
Hindgut,3.79,0.04,1.21
Thoracicoabdominal ganglion,3.71,0.04,1.19
Rectal pad,3.65,0.3,1.17
Head,3.24,0.21,1.04
Whole body,3.12,0.3,1.0
Carcass,2.85,0.39,0.91
Testis,2.0,0.2,0.64
Fat body,1.73,0.26,0.55
Ovary,0,0,0.0
Virgin Spermatheca,0,0,0.0
Mated Spermatheca,0,0,0.0
Trachea,0,0,0.0
Garland cells,0,0,0.0
