,FPKM_male_adult,SD_male_adult,enrichment_male_adult
Malpighian Tubules,7.78,1.73,1.68
Salivary gland,6.07,0.08,1.31
Head,5.07,0.33,1.1
Heart,5.08,1.47,1.1
Fat body,4.69,0.81,1.01
Whole body,4.63,0.6,1.0
Accessory glands,4.46,0.3,0.96
Brain / CNS,4.13,0.25,0.89
Midgut,4.01,0.37,0.87
Crop,4.01,0.59,0.87
Thoracicoabdominal ganglion,3.55,0.44,0.77
Hindgut,3.39,0.12,0.73
Eye,3.33,0.37,0.72
Rectal pad,2.89,0.25,0.62
Carcass,2.77,0.51,0.6
Testis,2.33,1.03,0.5
Trachea,0,0,0.0
Virgin Spermatheca,0,0,0.0
Mated Spermatheca,0,0,0.0
Garland cells,0,0,0.0
Ovary,0,0,0.0
