,FPKM_male_adult,SD_male_adult,enrichment_male_adult
Brain / CNS,15.15,0.68,7.58
Thoracicoabdominal ganglion,6.28,0.95,3.14
Head,5.65,0.8,2.83
Eye,2.06,0.12,1.03
Virgin Spermatheca,0,0,0.0
Garland cells,0,0,0.0
Mated Spermatheca,0,0,0.0
Trachea,0,0,0.0
Ovary,0,0,0.0
Rectal pad,0.03,0.01,-1.0
Carcass,0.46,0.15,-1.0
Accessory glands,0.02,0.02,-1.0
Testis,0.19,0.03,-1.0
Heart,0.03,0.03,-1.0
Salivary gland,0.22,0.04,-1.0
Fat body,0.03,0.04,-1.0
Malpighian Tubules,0.06,0.06,-1.0
Hindgut,0.02,0.02,-1.0
Midgut,0.03,0.03,-1.0
Crop,0.07,0.03,-1.0
Whole body,1.35,0.03,-1.0
