,FPKM_male_adult,SD_male_adult,enrichment_male_adult
Testis,76.54,7.93,8.2
Whole body,9.33,1.45,1.0
Salivary gland,1.68,2.02,0.18
Carcass,0.99,0.56,0.11
Malpighian Tubules,0.79,1.25,0.08
Fat body,0.57,0.5,0.06
Heart,0.42,0.23,0.05
Hindgut,0.43,0.7,0.05
Brain / CNS,0.47,0.49,0.05
Crop,0.22,0.11,0.02
Rectal pad,0.17,0.11,0.02
Eye,0.12,0.13,0.01
Thoracicoabdominal ganglion,0.08,0.01,0.01
Accessory glands,0.12,0.04,0.01
Head,0.08,0.03,0.01
Midgut,0.03,0.02,0.0
Trachea,0,0,0.0
Ovary,0,0,0.0
Virgin Spermatheca,0,0,0.0
Mated Spermatheca,0,0,0.0
Garland cells,0,0,0.0
