,FPKM_male_adult,SD_male_adult,enrichment_male_adult
Thoracicoabdominal ganglion,67.19,1.53,2.54
Brain / CNS,59.97,5.24,2.27
Crop,57.66,8.17,2.18
Hindgut,57.38,1.72,2.17
Accessory glands,52.08,1.06,1.97
Rectal pad,50.71,0.59,1.92
Salivary gland,47.77,0.95,1.81
Midgut,47.7,2.62,1.8
Malpighian Tubules,46.71,7.41,1.77
Head,41.56,1.76,1.57
Eye,41.2,1.68,1.56
Carcass,35.53,0.47,1.34
Whole body,26.46,1.51,1.0
Heart,22.53,0.98,0.85
Testis,15.54,0.39,0.59
Fat body,11.57,1.68,0.44
Virgin Spermatheca,0,0,0.0
Mated Spermatheca,0,0,0.0
Ovary,0,0,0.0
Trachea,0,0,0.0
Garland cells,0,0,0.0
