,FPKM_male_adult,SD_male_adult,enrichment_male_adult
Crop,17.61,1.19,6.96
Brain / CNS,11.77,0.58,4.65
Thoracicoabdominal ganglion,6.59,0.47,2.6
Head,6.4,1.12,2.53
Accessory glands,6.12,0.79,2.42
Rectal pad,4.8,0.36,1.9
Hindgut,4.43,0.76,1.75
Salivary gland,4.11,0.08,1.62
Eye,3.29,0.24,1.3
Midgut,2.69,0.48,1.06
Whole body,2.53,0.46,1.0
Heart,1.42,0.7,0.56
Carcass,1.08,0.25,0.43
Malpighian Tubules,0.86,0.17,0.34
Testis,0.79,0.17,0.31
Fat body,0.52,0.25,0.21
Trachea,0,0,0.0
Ovary,0,0,0.0
Virgin Spermatheca,0,0,0.0
Mated Spermatheca,0,0,0.0
Garland cells,0,0,0.0
