,FPKM_male_adult,SD_male_adult,enrichment_male_adult
Midgut,142.58,7.46,15.86
Whole body,8.99,2.2,1.0
Testis,5.05,0.56,0.56
Carcass,4.61,0.99,0.51
Thoracicoabdominal ganglion,3.34,0.31,0.37
Brain / CNS,2.82,0.22,0.31
Head,2.54,0.48,0.28
Malpighian Tubules,1.61,1.01,0.18
Salivary gland,1.36,0.11,0.15
Eye,1.37,0.07,0.15
Hindgut,1.33,0.73,0.15
Heart,1.24,0.22,0.14
Rectal pad,0.91,0.12,0.1
Accessory glands,0.72,0.16,0.08
Fat body,0.58,0.37,0.06
Crop,0.57,0.15,0.06
Trachea,0,0,0.0
Ovary,0,0,0.0
Virgin Spermatheca,0,0,0.0
Mated Spermatheca,0,0,0.0
Garland cells,0,0,0.0
