,FPKM_male_adult,SD_male_adult,enrichment_male_adult
Brain / CNS,18.95,0.45,2.52
Eye,13.34,0.47,1.77
Head,13.24,1.8,1.76
Midgut,11.87,1.23,1.58
Thoracicoabdominal ganglion,11.64,0.9,1.55
Salivary gland,11.66,0.54,1.55
Accessory glands,10.55,0.25,1.4
Crop,9.62,1.75,1.28
Malpighian Tubules,9.18,1.2,1.22
Carcass,8.36,0.62,1.11
Heart,8.12,2.11,1.08
Hindgut,7.56,0.66,1.0
Whole body,7.53,0.45,1.0
Rectal pad,6.63,0.65,0.88
Fat body,5.05,0.49,0.67
Testis,4.11,0.39,0.55
Trachea,0,0,0.0
Ovary,0,0,0.0
Virgin Spermatheca,0,0,0.0
Mated Spermatheca,0,0,0.0
Garland cells,0,0,0.0
