,FPKM_male_adult,SD_male_adult,enrichment_male_adult
Crop,40.44,13.7,8.55
Hindgut,39.98,2.21,8.45
Malpighian Tubules,35.19,9.27,7.44
Salivary gland,31.48,1.56,6.66
Rectal pad,20.83,0.75,4.4
Midgut,14.94,1.65,3.16
Whole body,4.73,1,1.0
Brain / CNS,2.9,0.09,0.61
Head,2.43,0.17,0.51
Carcass,1.49,0.85,0.32
Thoracicoabdominal ganglion,0.66,0.08,0.14
Heart,0.33,0.08,0.07
Eye,0.23,0.08,0.05
Testis,0.26,0.17,0.05
Fat body,0.17,0.07,0.04
Accessory glands,0.04,0.02,0.01
Trachea,0,0,0.0
Ovary,0,0,0.0
Virgin Spermatheca,0,0,0.0
Mated Spermatheca,0,0,0.0
Garland cells,0,0,0.0
