,FPKM_male_adult,SD_male_adult,enrichment_male_adult
Brain / CNS,92.99,5.09,5.49
Head,43.86,6.77,2.59
Thoracicoabdominal ganglion,35.03,3.89,2.07
Eye,20.48,0.52,1.21
Carcass,16.98,0.58,1.0
Whole body,16.94,0.92,1.0
Testis,9.13,0.79,0.54
Hindgut,7.53,0.51,0.44
Midgut,4.68,1.9,0.28
Salivary gland,4.14,0.95,0.24
Heart,3.8,2.01,0.22
Crop,3.34,1.03,0.2
Fat body,2.47,1.07,0.15
Rectal pad,0.96,0.08,0.06
Malpighian Tubules,0.79,0.45,0.05
Accessory glands,0.77,0.76,0.05
Trachea,0,0,0.0
Ovary,0,0,0.0
Virgin Spermatheca,0,0,0.0
Mated Spermatheca,0,0,0.0
Garland cells,0,0,0.0
