,FPKM_male_adult,SD_male_adult,enrichment_male_adult
Rectal pad,22.7,0.99,2.67
Crop,18.23,1.19,2.14
Hindgut,17.76,0.42,2.09
Eye,17.26,2.33,2.03
Testis,16.6,2.7,1.95
Accessory glands,12.9,1.01,1.52
Head,12.68,0.87,1.49
Midgut,9.32,0.6,1.1
Whole body,8.51,0.3,1.0
Salivary gland,8.43,0.12,0.99
Malpighian Tubules,7.4,0.75,0.87
Brain / CNS,6.59,0.93,0.77
Carcass,6.2,1.75,0.73
Thoracicoabdominal ganglion,4.24,0.09,0.5
Heart,2.23,0.19,0.26
Fat body,1.06,0.44,0.12
Trachea,0,0,0.0
Ovary,0,0,0.0
Virgin Spermatheca,0,0,0.0
Mated Spermatheca,0,0,0.0
Garland cells,0,0,0.0
