,FPKM_male_adult,SD_male_adult,enrichment_male_adult
Brain / CNS,32.34,0.69,8.21
Head,19.37,0.91,4.92
Thoracicoabdominal ganglion,11.18,1.82,2.84
Eye,10.14,2.5,2.57
Whole body,3.94,0.09,1.0
Carcass,1.08,0.51,0.27
Salivary gland,0.43,0.04,0.11
Testis,0.43,0.2,0.11
Crop,0.19,0.11,0.05
Midgut,0.17,0.03,0.04
Malpighian Tubules,0.11,0.11,0.03
Heart,0.06,0.03,0.02
Hindgut,0.02,0.02,0.01
Rectal pad,0.05,0.03,0.01
Fat body,0.0,0,0.0
Trachea,0,0,0.0
Ovary,0,0,0.0
Virgin Spermatheca,0,0,0.0
Mated Spermatheca,0,0,0.0
Accessory glands,0.0,0,0.0
Garland cells,0,0,0.0
