,FPKM_male_adult,SD_male_adult,enrichment_male_adult
Midgut,2350.44,491.07,10.78
Whole body,218.06,50.99,1.0
Salivary gland,143.14,135.45,0.66
Carcass,74.6,14.13,0.34
Thoracicoabdominal ganglion,33.95,20.53,0.16
Crop,21.09,18.82,0.1
Testis,18.79,9.58,0.09
Eye,15.43,6.99,0.07
Malpighian Tubules,13.93,20.2,0.06
Head,7.52,1.88,0.03
Fat body,7.16,6.86,0.03
Heart,7.36,1.79,0.03
Hindgut,2.73,4.36,0.01
Accessory glands,1.4,0.54,0.01
Brain / CNS,1.53,1.1,0.01
Trachea,0,0,0.0
Ovary,0,0,0.0
Virgin Spermatheca,0,0,0.0
Mated Spermatheca,0,0,0.0
Rectal pad,0.36,0.03,0.0
Garland cells,0,0,0.0
