,FPKM_male_adult,SD_male_adult,enrichment_male_adult
Testis,47.79,3.49,9.39
Salivary gland,6.43,7.75,1.26
Whole body,5.09,1.07,1.0
Carcass,2.42,2.42,0.48
Hindgut,1.84,2.87,0.36
Brain / CNS,1.65,1.54,0.32
Rectal pad,1.05,0.21,0.21
Malpighian Tubules,1.0,1.27,0.2
Crop,0.72,0.32,0.14
Heart,0.63,0.21,0.12
Eye,0.46,0.29,0.09
Head,0.42,0.2,0.08
Midgut,0.32,0.18,0.06
Fat body,0.2,0.3,0.04
Thoracicoabdominal ganglion,0.22,0.02,0.04
Accessory glands,0.17,0.11,0.03
Trachea,0,0,0.0
Ovary,0,0,0.0
Virgin Spermatheca,0,0,0.0
Mated Spermatheca,0,0,0.0
Garland cells,0,0,0.0
