,FPKM_male_adult,SD_male_adult,enrichment_male_adult
Salivary gland,79.06,9.36,39.53
Rectal pad,17.97,3.42,8.98
Brain / CNS,10.82,0.72,5.41
Head,4.27,0.64,2.13
Testis,2.16,0.06,1.08
Ovary,0,0,0.0
Garland cells,0,0,0.0
Mated Spermatheca,0,0,0.0
Virgin Spermatheca,0,0,0.0
Trachea,0,0,0.0
Carcass,1.54,0.46,-1.0
Accessory glands,0.03,0.03,-1.0
Heart,0.12,0.06,-1.0
Eye,1.28,0.49,-1.0
Fat body,0.16,0.06,-1.0
Malpighian Tubules,0.27,0.1,-1.0
Hindgut,0.9,0.26,-1.0
Midgut,0.04,0.03,-1.0
Crop,1.17,0.15,-1.0
Thoracicoabdominal ganglion,1.55,0.68,-1.0
Whole body,1.52,0.2,-1.0
