,FPKM_male_adult,SD_male_adult,enrichment_male_adult
Brain / CNS,3.44,0.21,1.72
Thoracicoabdominal ganglion,3.39,0.64,1.7
Eye,3.1,0.37,1.55
Testis,2.78,0.4,1.39
Crop,2.47,0.28,1.24
Accessory glands,2.42,0.48,1.21
Head,2.28,0.38,1.14
Mated Spermatheca,0,0,0.0
Garland cells,0,0,0.0
Trachea,0,0,0.0
Ovary,0,0,0.0
Virgin Spermatheca,0,0,0.0
Rectal pad,1.68,0.43,-1.0
Carcass,1.26,0.17,-1.0
Heart,0.92,0.39,-1.0
Salivary gland,1.92,0.13,-1.0
Fat body,0.65,0.36,-1.0
Malpighian Tubules,0.89,0.28,-1.0
Hindgut,1.55,0.13,-1.0
Midgut,1.92,0.97,-1.0
Whole body,1.63,0.32,-1.0
