,FPKM_male_adult,SD_male_adult,enrichment_male_adult
Carcass,194.58,50.32,1.56
Whole body,124.74,8.98,1.0
Thoracicoabdominal ganglion,120.23,19.33,0.96
Salivary gland,26.02,13.19,0.21
Brain / CNS,15.53,3.53,0.12
Heart,13.28,8.97,0.11
Fat body,11.9,0.95,0.1
Rectal pad,10.82,4.53,0.09
Head,10.23,1.82,0.08
Crop,6.9,8.05,0.06
Eye,4.1,0.78,0.03
Testis,1.5,0.16,0.01
Hindgut,0.29,0.03,0.0
Malpighian Tubules,0.35,0.21,0.0
Midgut,0.34,0.32,0.0
Trachea,0,0,0.0
Ovary,0,0,0.0
Virgin Spermatheca,0,0,0.0
Mated Spermatheca,0,0,0.0
Accessory glands,0.42,0.38,0.0
Garland cells,0,0,0.0
