,FPKM_male_adult,SD_male_adult,enrichment_male_adult
Malpighian Tubules,97.67,18.63,17.76
Testis,15.39,1.19,2.8
Midgut,13.26,2.13,2.41
Rectal pad,9.05,0.67,1.65
Hindgut,6.39,2.29,1.16
Whole body,5.5,0.71,1.0
Carcass,1.31,0.41,0.24
Salivary gland,0.6,0.43,0.11
Heart,0.5,0.12,0.09
Brain / CNS,0.29,0.18,0.05
Fat body,0.2,0.3,0.04
Thoracicoabdominal ganglion,0.2,0.06,0.04
Accessory glands,0.13,0.04,0.02
Head,0.13,0.03,0.02
Eye,0.04,0,0.01
Crop,0.08,0.09,0.01
Trachea,0,0,0.0
Ovary,0,0,0.0
Virgin Spermatheca,0,0,0.0
Mated Spermatheca,0,0,0.0
Garland cells,0,0,0.0
