,FPKM_male_adult,SD_male_adult,enrichment_male_adult
Midgut,1379.2,307.05,5.62
Hindgut,617.37,26.22,2.52
Malpighian Tubules,574.63,147.29,2.34
Salivary gland,380.06,30.53,1.55
Eye,370.18,47.01,1.51
Testis,330.95,43.56,1.35
Rectal pad,274.25,22.11,1.12
Thoracicoabdominal ganglion,263.18,16.12,1.07
Whole body,245.21,25.86,1.0
Head,239.37,33.65,0.98
Brain / CNS,211.03,3.17,0.86
Heart,202.46,29.9,0.83
Accessory glands,179.97,73.2,0.73
Carcass,155.21,12.51,0.63
Crop,144.16,19.24,0.59
Fat body,111.07,9.07,0.45
Trachea,0,0,0.0
Ovary,0,0,0.0
Virgin Spermatheca,0,0,0.0
Mated Spermatheca,0,0,0.0
Garland cells,0,0,0.0
