,FPKM_male_adult,SD_male_adult,enrichment_male_adult
Thoracicoabdominal ganglion,17.54,1.14,3.57
Brain / CNS,9.44,0.38,1.92
Head,9.0,0.23,1.83
Eye,7.93,0.6,1.61
Salivary gland,6.78,0.56,1.38
Accessory glands,5.69,0.34,1.16
Crop,5.39,0.96,1.1
Whole body,4.92,0.31,1.0
Carcass,4.65,0.39,0.95
Heart,4.13,0.66,0.84
Malpighian Tubules,3.88,0.6,0.79
Midgut,3.69,0.71,0.75
Hindgut,3.46,0.33,0.7
Fat body,2.93,0.44,0.6
Rectal pad,2.04,0.23,0.41
Testis,1.64,0.19,0.33
Trachea,0,0,0.0
Ovary,0,0,0.0
Virgin Spermatheca,0,0,0.0
Mated Spermatheca,0,0,0.0
Garland cells,0,0,0.0
