,FPKM_male_adult,SD_male_adult,enrichment_male_adult
Eye,32.65,7.46,14.26
Testis,9.33,0.65,4.07
Head,6.3,0.48,2.75
Whole body,2.29,0.29,1.0
Brain / CNS,0.88,0.03,0.38
Carcass,0.5,0.11,0.22
Thoracicoabdominal ganglion,0.4,0.05,0.17
Salivary gland,0.28,0,0.12
Heart,0.24,0.19,0.1
Crop,0.15,0.06,0.07
Malpighian Tubules,0.1,0.07,0.04
Accessory glands,0.07,0.08,0.03
Rectal pad,0.07,0.04,0.03
Fat body,0.04,0.07,0.02
Trachea,0,0,0.0
Midgut,0.01,0.02,0.0
Virgin Spermatheca,0,0,0.0
Mated Spermatheca,0,0,0.0
Hindgut,0.01,0.01,0.0
Garland cells,0,0,0.0
Ovary,0,0,0.0
