,FPKM_male_adult,SD_male_adult,enrichment_male_adult
Heart,6341.93,"1,101.57",2.92
Fat body,4956.96,634.85,2.29
Carcass,4624.5,541.5,2.13
Crop,4346.08,949.69,2.0
Eye,3702.82,"1,081.48",1.71
Head,3011.13,181.99,1.39
Salivary gland,2501.36,70.62,1.15
Malpighian Tubules,2273.91,602.51,1.05
Whole body,2168.69,404.15,1.0
Rectal pad,1488.74,125.95,0.69
Thoracicoabdominal ganglion,1342.82,173.89,0.62
Brain / CNS,440.23,43.62,0.2
Hindgut,221.69,20.69,0.1
Accessory glands,125.37,48.7,0.06
Midgut,96.1,46.71,0.04
Testis,51.08,21.49,0.02
Trachea,0,0,0.0
Ovary,0,0,0.0
Virgin Spermatheca,0,0,0.0
Mated Spermatheca,0,0,0.0
Garland cells,0,0,0.0
