,FPKM_male_adult,SD_male_adult,enrichment_male_adult
Hindgut,34.3,1.04,7.98
Crop,25.18,4.67,5.86
Rectal pad,17.64,0.93,4.1
Head,6.75,0.86,1.57
Eye,5.44,0.15,1.27
Carcass,5.35,0.43,1.24
Whole body,4.3,0.46,1.0
Thoracicoabdominal ganglion,2.43,0.06,0.57
Salivary gland,1.72,0.24,0.4
Brain / CNS,0.73,0.17,0.17
Testis,0.7,0.28,0.16
Heart,0.58,0.3,0.13
Fat body,0.21,0.06,0.05
Midgut,0.17,0.09,0.04
Malpighian Tubules,0.11,0.11,0.03
Accessory glands,0.09,0.08,0.02
Trachea,0,0,0.0
Ovary,0,0,0.0
Virgin Spermatheca,0,0,0.0
Mated Spermatheca,0,0,0.0
Garland cells,0,0,0.0
