,FPKM_male_adult,SD_male_adult,enrichment_male_adult
Eye,9939.6,662.42,39.11
Head,1716.76,112.96,6.75
Whole body,254.16,46.2,1.0
Salivary gland,39.17,9.37,0.15
Testis,21.77,5.35,0.09
Crop,9.73,9.04,0.04
Brain / CNS,8.49,6.31,0.03
Carcass,3.17,3.62,0.01
Thoracicoabdominal ganglion,0.46,0.21,0.0
Mated Spermatheca,0,0,0.0
Garland cells,0,0,0.0
Rectal pad,0.09,0.06,0.0
Accessory glands,0.06,0.11,0.0
Ovary,0,0,0.0
Virgin Spermatheca,0,0,0.0
Trachea,0,0,0.0
Fat body,0.15,0.13,0.0
Malpighian Tubules,0.63,0.94,0.0
Hindgut,0.02,0.02,0.0
Midgut,0.26,0.08,0.0
Heart,0.33,0.24,0.0
