,FPKM_male_adult,SD_male_adult,enrichment_male_adult
Brain / CNS,20.55,1.13,10.28
Thoracicoabdominal ganglion,14.75,0.14,7.38
Head,6.08,0.84,3.04
Ovary,0,0,0.0
Garland cells,0,0,0.0
Mated Spermatheca,0,0,0.0
Virgin Spermatheca,0,0,0.0
Trachea,0,0,0.0
Rectal pad,0.0,0,-1.0
Carcass,0.99,0.35,-1.0
Accessory glands,1.02,0.25,-1.0
Testis,0.04,0.04,-1.0
Heart,0.0,0,-1.0
Eye,1.4,0.52,-1.0
Salivary gland,0.26,0.06,-1.0
Fat body,0.03,0.05,-1.0
Malpighian Tubules,0.0,0,-1.0
Hindgut,0.01,0.02,-1.0
Midgut,0.0,0,-1.0
Crop,0.1,0.01,-1.0
Whole body,1.72,0.14,-1.0
