,FPKM_male_adult,SD_male_adult,enrichment_male_adult
Crop,114.29,2.45,4.46
Rectal pad,59.22,7.59,2.31
Midgut,45.01,3.45,1.75
Salivary gland,36.77,1.7,1.43
Carcass,36.26,3.56,1.41
Heart,34.6,5.63,1.35
Hindgut,30.16,1.24,1.18
Head,29.7,8.36,1.16
Eye,28.12,1.62,1.1
Fat body,26.81,1.5,1.05
Whole body,25.65,2.02,1.0
Accessory glands,23.77,1.21,0.93
Malpighian Tubules,19.13,2.26,0.75
Thoracicoabdominal ganglion,18.79,1.42,0.73
Testis,16.83,0.79,0.66
Brain / CNS,16.48,1.04,0.64
Trachea,0,0,0.0
Ovary,0,0,0.0
Virgin Spermatheca,0,0,0.0
Mated Spermatheca,0,0,0.0
Garland cells,0,0,0.0
