,FPKM_male_adult,SD_male_adult,enrichment_male_adult
Hindgut,3.98,0.25,1.99
Rectal pad,3.34,0.2,1.67
Trachea,0,0,0.0
Garland cells,0,0,0.0
Mated Spermatheca,0,0,0.0
Virgin Spermatheca,0,0,0.0
Ovary,0,0,0.0
Head,1.67,0.28,-1.0
Carcass,0.9,0.22,-1.0
Accessory glands,0.02,0.02,-1.0
Testis,0.93,0.11,-1.0
Heart,0.25,0.04,-1.0
Eye,0.72,0.02,-1.0
Salivary gland,0.4,0.18,-1.0
Fat body,0.05,0.01,-1.0
Malpighian Tubules,0.11,0.08,-1.0
Midgut,1.59,0.16,-1.0
Crop,0.78,0.17,-1.0
Thoracicoabdominal ganglion,0.3,0.05,-1.0
Brain / CNS,0.34,0.04,-1.0
Whole body,1.34,0.14,-1.0
