,FPKM_male_adult,SD_male_adult,enrichment_male_adult
Testis,2.66,0.34,1.33
Trachea,0,0,0.0
Garland cells,0,0,0.0
Mated Spermatheca,0,0,0.0
Virgin Spermatheca,0,0,0.0
Ovary,0,0,0.0
Head,0.8,0.15,-1.0
Rectal pad,0.65,0.1,-1.0
Carcass,0.75,0.06,-1.0
Accessory glands,0.78,0.13,-1.0
Heart,0.94,0.19,-1.0
Eye,1.1,0.07,-1.0
Salivary gland,1.44,0.28,-1.0
Fat body,0.57,0.2,-1.0
Malpighian Tubules,1.11,0.12,-1.0
Hindgut,0.7,0.28,-1.0
Midgut,1.26,0.06,-1.0
Crop,0.71,0.03,-1.0
Thoracicoabdominal ganglion,0.74,0.04,-1.0
Brain / CNS,1.06,0.32,-1.0
Whole body,0.85,0.15,-1.0
