,FPKM_male_adult,SD_male_adult,enrichment_male_adult
Crop,1125.52,180.85,6.27
Rectal pad,561.86,61.68,3.13
Hindgut,317.67,8.44,1.77
Heart,297.39,110.58,1.66
Accessory glands,184.66,17.91,1.03
Whole body,179.65,20.79,1.0
Carcass,172.59,46.9,0.96
Midgut,149.37,39.38,0.83
Head,117.97,19.14,0.66
Testis,80.24,31.75,0.45
Salivary gland,44.05,3.8,0.25
Fat body,33.8,8.32,0.19
Thoracicoabdominal ganglion,34.62,7.66,0.19
Eye,18.5,2.55,0.1
Malpighian Tubules,10.91,6.44,0.06
Brain / CNS,3.6,2.57,0.02
Trachea,0,0,0.0
Ovary,0,0,0.0
Virgin Spermatheca,0,0,0.0
Mated Spermatheca,0,0,0.0
Garland cells,0,0,0.0
