,FPKM_male_adult,SD_male_adult,enrichment_male_adult
Heart,460.4,158.99,5.27
Fat body,227.82,29.92,2.61
Carcass,198.21,53.31,2.27
Salivary gland,138.43,14.82,1.58
Eye,131.5,24.84,1.51
Malpighian Tubules,113.8,42.86,1.3
Whole body,87.36,9.59,1.0
Head,85.43,14.96,0.98
Testis,85.11,3.41,0.97
Rectal pad,82.56,4.06,0.95
Midgut,77.75,1.48,0.89
Crop,61.73,11.08,0.71
Hindgut,55.49,3.67,0.64
Thoracicoabdominal ganglion,47.86,3.5,0.55
Accessory glands,44.44,11.43,0.51
Brain / CNS,25.47,1.11,0.29
Trachea,0,0,0.0
Ovary,0,0,0.0
Virgin Spermatheca,0,0,0.0
Mated Spermatheca,0,0,0.0
Garland cells,0,0,0.0
