,FPKM_male_adult,SD_male_adult,enrichment_male_adult
Brain / CNS,46.74,1.65,2.12
Head,42.19,3.19,1.91
Salivary gland,33.98,6.88,1.54
Thoracicoabdominal ganglion,32.28,4.77,1.46
Eye,29.91,2.76,1.36
Hindgut,29.35,5.77,1.33
Midgut,25.08,2.07,1.14
Whole body,22.07,0.99,1.0
Malpighian Tubules,21.02,2.53,0.95
Accessory glands,20.41,2.92,0.92
Carcass,18.26,3.16,0.83
Heart,17.87,9.05,0.81
Rectal pad,14.78,0.92,0.67
Crop,14.3,0.28,0.65
Fat body,11.01,1,0.5
Testis,6.35,0.94,0.29
Trachea,0,0,0.0
Ovary,0,0,0.0
Virgin Spermatheca,0,0,0.0
Mated Spermatheca,0,0,0.0
Garland cells,0,0,0.0
