,FPKM_male_adult,SD_male_adult,enrichment_male_adult
Accessory glands,17.62,4.33,2.19
Crop,16.52,1.15,2.05
Rectal pad,13.28,1.86,1.65
Heart,12.03,0.95,1.49
Hindgut,11.77,0.58,1.46
Eye,11.67,1.7,1.45
Carcass,9.74,0.69,1.21
Head,9.53,1.05,1.18
Testis,9.3,0.76,1.16
Midgut,8.49,0.21,1.05
Whole body,8.05,1.52,1.0
Salivary gland,7.61,0.06,0.95
Fat body,7.36,2.08,0.91
Malpighian Tubules,7.18,1.67,0.89
Thoracicoabdominal ganglion,6.97,0.53,0.87
Brain / CNS,5.06,0.25,0.63
Trachea,0,0,0.0
Ovary,0,0,0.0
Virgin Spermatheca,0,0,0.0
Mated Spermatheca,0,0,0.0
Garland cells,0,0,0.0
