,FPKM_male_adult,SD_male_adult,enrichment_male_adult
Accessory glands,60.34,12.09,3.41
Salivary gland,34.52,1.51,1.95
Malpighian Tubules,27.97,6.31,1.58
Rectal pad,24.18,2.44,1.37
Midgut,21.52,3.11,1.22
Testis,20.95,2.72,1.18
Heart,19.81,3.57,1.12
Whole body,17.68,1.86,1.0
Hindgut,17.26,2.34,0.98
Head,17.28,0.21,0.98
Crop,16.38,2.27,0.93
Fat body,14.72,1.42,0.83
Carcass,14.54,1.25,0.82
Eye,13.26,2.11,0.75
Thoracicoabdominal ganglion,12.08,0.69,0.68
Brain / CNS,8.18,0.41,0.46
Trachea,0,0,0.0
Ovary,0,0,0.0
Virgin Spermatheca,0,0,0.0
Mated Spermatheca,0,0,0.0
Garland cells,0,0,0.0
