,FPKM_male_adult,SD_male_adult,enrichment_male_adult
Brain / CNS,16.95,0.25,8.47
Thoracicoabdominal ganglion,14.29,2.16,7.14
Head,7.81,0.46,3.9
Accessory glands,5.71,0.66,2.85
Ovary,0,0,0.0
Garland cells,0,0,0.0
Mated Spermatheca,0,0,0.0
Virgin Spermatheca,0,0,0.0
Trachea,0,0,0.0
Rectal pad,0.01,0,-1.0
Carcass,0.72,0.33,-1.0
Testis,0.85,0.04,-1.0
Heart,0.02,0.02,-1.0
Eye,1.36,0.3,-1.0
Salivary gland,0.24,0.01,-1.0
Fat body,0.1,0.04,-1.0
Malpighian Tubules,0.01,0.02,-1.0
Hindgut,0.02,0.03,-1.0
Midgut,0.02,0.03,-1.0
Crop,0.13,0.07,-1.0
Whole body,1.81,0.16,-1.0
