,FPKM_male_adult,SD_male_adult,enrichment_male_adult
Testis,151.3,8.84,6.07
Accessory glands,30.75,1.12,1.23
Whole body,24.91,2.07,1.0
Crop,15.75,1.38,0.63
Carcass,14.05,1.73,0.56
Midgut,13.89,1.28,0.56
Malpighian Tubules,13.92,1.73,0.56
Salivary gland,13.15,0.4,0.53
Heart,12.17,1.62,0.49
Eye,11.77,0.23,0.47
Hindgut,11.39,0.79,0.46
Rectal pad,10.1,1.02,0.41
Thoracicoabdominal ganglion,9.87,2.17,0.4
Head,7.98,0.8,0.32
Fat body,6.53,1.05,0.26
Brain / CNS,6.36,0.43,0.26
Trachea,0,0,0.0
Ovary,0,0,0.0
Virgin Spermatheca,0,0,0.0
Mated Spermatheca,0,0,0.0
Garland cells,0,0,0.0
