,FPKM_male_adult,SD_male_adult,enrichment_male_adult
Brain / CNS,147.37,8.81,9.97
Head,135.82,10,9.19
Eye,81.63,22.62,5.52
Whole body,14.78,0.86,1.0
Salivary gland,1.6,0.42,0.11
Rectal pad,0.71,0.46,0.05
Carcass,0.78,0.45,0.05
Crop,0.66,0.2,0.04
Accessory glands,0.28,0.25,0.02
Heart,0.26,0.23,0.02
Testis,0.16,0.14,0.01
Malpighian Tubules,0.14,0.24,0.01
Thoracicoabdominal ganglion,0.02,0.04,0.0
Trachea,0,0,0.0
Midgut,0.0,0,0.0
Virgin Spermatheca,0,0,0.0
Mated Spermatheca,0,0,0.0
Fat body,0.0,0,0.0
Hindgut,0.05,0.09,0.0
Garland cells,0,0,0.0
Ovary,0,0,0.0
