,FPKM_male_adult,SD_male_adult,enrichment_male_adult
Testis,298.63,25.3,6.84
Midgut,47.84,29.12,1.1
Whole body,43.66,5.56,1.0
Accessory glands,28.32,7.84,0.65
Heart,20.06,0.82,0.46
Thoracicoabdominal ganglion,19.98,2.67,0.46
Carcass,13.75,2.71,0.31
Head,12.77,1.24,0.29
Brain / CNS,11.45,0.75,0.26
Hindgut,10.81,3.46,0.25
Salivary gland,9.8,0.63,0.22
Malpighian Tubules,7.59,2.66,0.17
Crop,6.66,2.05,0.15
Eye,5.87,1.15,0.13
Fat body,4.65,0.66,0.11
Rectal pad,3.73,0.19,0.09
Trachea,0,0,0.0
Ovary,0,0,0.0
Virgin Spermatheca,0,0,0.0
Mated Spermatheca,0,0,0.0
Garland cells,0,0,0.0
