,FPKM_male_adult,SD_male_adult,enrichment_male_adult
Eye,46.64,8.85,2.67
Head,33.33,4.91,1.91
Brain / CNS,25.97,1.14,1.48
Thoracicoabdominal ganglion,24.98,4.84,1.43
Accessory glands,23.22,1.27,1.33
Salivary gland,22.5,0.25,1.29
Crop,19.37,2.22,1.11
Carcass,17.89,1.71,1.02
Whole body,17.49,1.77,1.0
Rectal pad,16.08,1.53,0.92
Fat body,15.82,0.95,0.9
Hindgut,15.17,0.73,0.87
Heart,14.69,4.47,0.84
Midgut,8.69,0.66,0.5
Testis,6.97,0.97,0.4
Malpighian Tubules,5.95,0.29,0.34
Trachea,0,0,0.0
Ovary,0,0,0.0
Virgin Spermatheca,0,0,0.0
Mated Spermatheca,0,0,0.0
Garland cells,0,0,0.0
