,FPKM_male_adult,SD_male_adult,enrichment_male_adult
Midgut,5.0,0.39,1.56
Fat body,4.92,0.96,1.54
Accessory glands,4.57,0.15,1.43
Heart,4.33,0.69,1.35
Brain / CNS,3.75,0.21,1.17
Head,3.5,0.37,1.09
Whole body,3.2,0.45,1.0
Hindgut,3.03,0.19,0.95
Crop,2.81,0.59,0.88
Malpighian Tubules,2.68,0.86,0.84
Salivary gland,2.66,0.04,0.83
Testis,2.3,0.72,0.72
Thoracicoabdominal ganglion,2.29,0.04,0.72
Rectal pad,2.15,0.12,0.67
Carcass,2.07,0.16,0.65
Eye,1.92,0.35,0.6
Trachea,0,0,0.0
Ovary,0,0,0.0
Virgin Spermatheca,0,0,0.0
Mated Spermatheca,0,0,0.0
Garland cells,0,0,0.0
