,FPKM_male_adult,SD_male_adult,enrichment_male_adult
Testis,9.38,0.02,4.69
Trachea,0,0,0.0
Garland cells,0,0,0.0
Mated Spermatheca,0,0,0.0
Virgin Spermatheca,0,0,0.0
Ovary,0,0,0.0
Head,0.31,0.08,-1.0
Rectal pad,0.18,0.04,-1.0
Carcass,0.56,0.25,-1.0
Accessory glands,0.09,0.09,-1.0
Heart,1.9,0.09,-1.0
Eye,0.28,0.11,-1.0
Salivary gland,0.54,0.24,-1.0
Fat body,0.13,0.06,-1.0
Malpighian Tubules,0.65,0.14,-1.0
Hindgut,0.15,0.19,-1.0
Midgut,0.06,0.07,-1.0
Crop,0.13,0.01,-1.0
Thoracicoabdominal ganglion,0.63,0.07,-1.0
Brain / CNS,0.75,0.16,-1.0
Whole body,1.08,0.21,-1.0
