,FPKM_male_adult,SD_male_adult,enrichment_male_adult
Eye,4.37,0.93,2.19
Brain / CNS,2.98,0.3,1.49
Salivary gland,2.78,0.11,1.39
Heart,2.74,0.71,1.37
Malpighian Tubules,2.72,0.42,1.36
Accessory glands,2.65,0.22,1.32
Midgut,2.59,0.33,1.29
Crop,2.5,0.54,1.25
Thoracicoabdominal ganglion,2.47,0.16,1.24
Carcass,2.07,0.18,1.03
Rectal pad,2.05,0.12,1.02
Garland cells,0,0,0.0
Trachea,0,0,0.0
Ovary,0,0,0.0
Virgin Spermatheca,0,0,0.0
Mated Spermatheca,0,0,0.0
Head,1.46,0.25,-1.0
Testis,1.14,0.16,-1.0
Fat body,0.84,0.32,-1.0
Hindgut,1.95,0.23,-1.0
Whole body,1.59,0.19,-1.0
