,FPKM_male_adult,SD_male_adult,enrichment_male_adult
Salivary gland,7.24,2.06,3.62
Hindgut,2.08,3.07,1.04
Ovary,0,0,0.0
Garland cells,0,0,0.0
Mated Spermatheca,0,0,0.0
Virgin Spermatheca,0,0,0.0
Trachea,0,0,0.0
Head,0.15,0.21,-1.0
Rectal pad,0.82,1.02,-1.0
Carcass,0.24,0.23,-1.0
Accessory glands,0.0,0,-1.0
Testis,1.01,1.44,-1.0
Heart,0.16,0.19,-1.0
Eye,1.36,1.77,-1.0
Fat body,0.0,0,-1.0
Malpighian Tubules,0.98,0.92,-1.0
Midgut,0.03,0.06,-1.0
Crop,0.97,0.11,-1.0
Thoracicoabdominal ganglion,0.04,0.03,-1.0
Brain / CNS,0.24,0.26,-1.0
Whole body,0.49,0.38,-1.0
