,FPKM_male_adult,SD_male_adult,enrichment_male_adult
Crop,67.0,10.13,4.36
Midgut,52.67,12.12,3.43
Brain / CNS,50.42,3.14,3.28
Eye,43.47,5.62,2.83
Head,43.1,6.28,2.81
Rectal pad,40.53,4.31,2.64
Hindgut,31.96,1.95,2.08
Carcass,30.24,5.7,1.97
Thoracicoabdominal ganglion,26.55,4.25,1.73
Heart,24.37,7.49,1.59
Fat body,24.44,1.86,1.59
Malpighian Tubules,20.72,4.22,1.35
Accessory glands,15.65,0.69,1.02
Whole body,15.36,0.16,1.0
Salivary gland,11.52,0.35,0.75
Testis,6.36,0.14,0.41
Trachea,0,0,0.0
Ovary,0,0,0.0
Virgin Spermatheca,0,0,0.0
Mated Spermatheca,0,0,0.0
Garland cells,0,0,0.0
