,FPKM_male_adult,SD_male_adult,enrichment_male_adult
Midgut,17.17,2.91,3.27
Crop,10.53,0.89,2.01
Heart,7.41,3.2,1.41
Malpighian Tubules,7.19,1.56,1.37
Head,7.17,0.7,1.37
Fat body,5.79,0.98,1.1
Eye,5.74,0.23,1.09
Hindgut,5.27,0.65,1.0
Whole body,5.25,0.13,1.0
Carcass,5.01,0.19,0.95
Thoracicoabdominal ganglion,4.94,0.06,0.94
Salivary gland,4.59,0.25,0.87
Rectal pad,4.53,0.25,0.86
Brain / CNS,4.14,0.3,0.79
Accessory glands,2.8,0.34,0.53
Testis,2.54,0.51,0.48
Trachea,0,0,0.0
Ovary,0,0,0.0
Virgin Spermatheca,0,0,0.0
Mated Spermatheca,0,0,0.0
Garland cells,0,0,0.0
