,FPKM_male_adult,SD_male_adult,enrichment_male_adult
Rectal pad,611.99,57.88,3.0
Salivary gland,502.17,22.91,2.47
Heart,489.42,115.89,2.4
Hindgut,484.05,38.79,2.38
Carcass,483.02,21.56,2.37
Thoracicoabdominal ganglion,375.48,64.17,1.84
Eye,316.47,40.04,1.55
Crop,309.21,83.53,1.52
Malpighian Tubules,301.97,88.02,1.48
Fat body,300.12,5.09,1.47
Midgut,280.96,17.72,1.38
Head,211.39,2.58,1.04
Whole body,203.7,7.28,1.0
Brain / CNS,178.81,5.19,0.88
Accessory glands,136.11,9.61,0.67
Testis,50.09,8.39,0.25
Ovary,0,0,0.0
Virgin Spermatheca,0,0,0.0
Mated Spermatheca,0,0,0.0
Trachea,0,0,0.0
Garland cells,0,0,0.0
