,FPKM_male_adult,SD_male_adult,enrichment_male_adult
Salivary gland,6.28,4.42,3.14
Trachea,0,0,0.0
Garland cells,0,0,0.0
Mated Spermatheca,0,0,0.0
Virgin Spermatheca,0,0,0.0
Ovary,0,0,0.0
Head,0.29,0.27,-1.0
Rectal pad,0.54,0.85,-1.0
Carcass,0.26,0.23,-1.0
Accessory glands,0.0,0,-1.0
Testis,0.72,1.01,-1.0
Heart,0.03,0.06,-1.0
Eye,1.17,1.5,-1.0
Fat body,0.0,0,-1.0
Malpighian Tubules,0.64,0.56,-1.0
Hindgut,1.34,1.84,-1.0
Midgut,0.0,0,-1.0
Crop,0.89,0.41,-1.0
Thoracicoabdominal ganglion,0.04,0.06,-1.0
Brain / CNS,0.18,0.11,-1.0
Whole body,0.47,0.28,-1.0
