,FPKM_male_adult,SD_male_adult,enrichment_male_adult
Thoracicoabdominal ganglion,9.2,0.41,3.06
Brain / CNS,8.89,0.8,2.95
Eye,6.45,0.22,2.14
Salivary gland,5.34,0.47,1.77
Malpighian Tubules,5.12,1.25,1.7
Midgut,4.88,0.7,1.62
Accessory glands,4.79,0.5,1.59
Crop,4.33,1.05,1.44
Head,4.3,0.83,1.43
Heart,4.27,0.15,1.42
Hindgut,4.12,0.21,1.37
Rectal pad,3.54,0.38,1.18
Carcass,3.45,0.29,1.15
Testis,3.14,0.66,1.04
Whole body,3.01,0.31,1.0
Fat body,2.85,0.33,0.95
Trachea,0,0,0.0
Ovary,0,0,0.0
Virgin Spermatheca,0,0,0.0
Mated Spermatheca,0,0,0.0
Garland cells,0,0,0.0
