,FPKM_male_adult,SD_male_adult,enrichment_male_adult
Fat body,24.21,6.2,2.18
Heart,22.83,5.2,2.05
Malpighian Tubules,20.48,4.1,1.84
Head,14.99,0.77,1.35
Hindgut,14.86,0.73,1.34
Midgut,13.9,1.57,1.25
Rectal pad,13.26,1.64,1.19
Accessory glands,11.33,1.51,1.02
Carcass,11.28,1.15,1.01
Whole body,11.12,3.3,1.0
Salivary gland,10.39,0.07,0.93
Crop,9.41,0.2,0.85
Eye,7.57,1.72,0.68
Testis,5.82,1.08,0.52
Thoracicoabdominal ganglion,4.06,0.01,0.37
Brain / CNS,3.31,0.34,0.3
Trachea,0,0,0.0
Virgin Spermatheca,0,0,0.0
Mated Spermatheca,0,0,0.0
Garland cells,0,0,0.0
Ovary,0,0,0.0
