,FPKM_male_adult,SD_male_adult,enrichment_male_adult
Hindgut,77.28,133.86,38.64
Trachea,0,0,0.0
Garland cells,0,0,0.0
Mated Spermatheca,0,0,0.0
Virgin Spermatheca,0,0,0.0
Ovary,0,0,0.0
Head,0.12,0.21,-1.0
Rectal pad,0.46,0.51,-1.0
Carcass,0.14,0.16,-1.0
Accessory glands,0.0,0,-1.0
Testis,0.26,0.28,-1.0
Heart,0.08,0.14,-1.0
Eye,0.51,0.03,-1.0
Salivary gland,0.34,0.24,-1.0
Fat body,0.0,0,-1.0
Malpighian Tubules,0.56,0.88,-1.0
Midgut,0.13,0.23,-1.0
Crop,0.13,0.03,-1.0
Thoracicoabdominal ganglion,0.04,0.05,-1.0
Brain / CNS,0.12,0.17,-1.0
Whole body,0.91,0.31,-1.0
