,FPKM_male_adult,SD_male_adult,enrichment_male_adult
Head,14.64,2.57,6.26
Whole body,2.34,0.98,1.0
Carcass,0.97,1.52,0.41
Fat body,0.86,1.5,0.37
Testis,0.74,0.65,0.32
Eye,0.72,0.71,0.31
Accessory glands,0.63,0.64,0.27
Salivary gland,0.24,0.04,0.1
Brain / CNS,0.13,0.17,0.06
Heart,0.13,0.23,0.06
Crop,0.14,0.09,0.06
Thoracicoabdominal ganglion,0.06,0.09,0.03
Rectal pad,0.05,0.09,0.02
Hindgut,0.03,0.06,0.01
Malpighian Tubules,0.0,0,0.0
Ovary,0,0,0.0
Virgin Spermatheca,0,0,0.0
Mated Spermatheca,0,0,0.0
Midgut,0.0,0,0.0
Garland cells,0,0,0.0
Trachea,0,0,0.0
