,FPKM_male_adult,SD_male_adult,enrichment_male_adult
Brain / CNS,30.38,0.94,4.04
Head,23.88,1.37,3.18
Thoracicoabdominal ganglion,18.88,2.69,2.51
Eye,14.69,4.17,1.95
Whole body,7.52,0.43,1.0
Midgut,3.55,0.29,0.47
Salivary gland,3.41,0.01,0.45
Malpighian Tubules,3.06,0.63,0.41
Crop,3.04,0.02,0.4
Testis,2.73,0.76,0.36
Heart,2.65,0.66,0.35
Carcass,2.54,0.73,0.34
Fat body,2.41,0.27,0.32
Hindgut,2.17,0.29,0.29
Rectal pad,1.86,0.11,0.25
Accessory glands,1.66,0.18,0.22
Trachea,0,0,0.0
Ovary,0,0,0.0
Virgin Spermatheca,0,0,0.0
Mated Spermatheca,0,0,0.0
Garland cells,0,0,0.0
