,FPKM_male_adult,SD_male_adult,enrichment_male_adult
Salivary gland,32.71,1.97,16.36
Accessory glands,6.41,1.96,3.21
Eye,4.3,0.59,2.15
Ovary,0,0,0.0
Garland cells,0,0,0.0
Mated Spermatheca,0,0,0.0
Virgin Spermatheca,0,0,0.0
Trachea,0,0,0.0
Head,1.08,0.1,-1.0
Rectal pad,0.0,0,-1.0
Carcass,0.34,0.1,-1.0
Testis,0.16,0.12,-1.0
Heart,0.06,0.03,-1.0
Fat body,0.04,0.08,-1.0
Malpighian Tubules,0.0,0.01,-1.0
Hindgut,0.01,0.02,-1.0
Midgut,0.06,0.08,-1.0
Crop,0.34,0.11,-1.0
Thoracicoabdominal ganglion,0.24,0.08,-1.0
Brain / CNS,0.04,0.02,-1.0
Whole body,0.56,0.26,-1.0
