,FPKM_male_adult,SD_male_adult,enrichment_male_adult
Hindgut,4.33,0.37,2.17
Crop,3.96,0.76,1.98
Rectal pad,2.75,0.15,1.38
Salivary gland,2.02,0.13,1.01
Virgin Spermatheca,0,0,0.0
Garland cells,0,0,0.0
Mated Spermatheca,0,0,0.0
Trachea,0,0,0.0
Ovary,0,0,0.0
Head,1.06,0.18,-1.0
Carcass,0.78,0.05,-1.0
Accessory glands,0.24,0.09,-1.0
Testis,1.6,0.28,-1.0
Heart,0.32,0.12,-1.0
Eye,1.96,0.33,-1.0
Fat body,0.2,0.11,-1.0
Malpighian Tubules,0.17,0.12,-1.0
Midgut,0.23,0.04,-1.0
Thoracicoabdominal ganglion,0.36,0.02,-1.0
Brain / CNS,0.15,0.04,-1.0
Whole body,1.17,0.17,-1.0
