,FPKM_male_adult,SD_male_adult,enrichment_male_adult
Accessory glands,7.59,0.81,2.14
Eye,5.55,0.19,1.57
Salivary gland,5.38,0.04,1.52
Hindgut,4.92,0.29,1.39
Crop,4.64,0.43,1.31
Malpighian Tubules,4.42,0.33,1.25
Brain / CNS,4.27,0.24,1.21
Fat body,4.27,0.4,1.21
Carcass,4.26,0.75,1.2
Rectal pad,4.12,0.48,1.16
Thoracicoabdominal ganglion,3.97,0.06,1.12
Head,3.57,0.43,1.01
Heart,3.59,0.15,1.01
Whole body,3.54,0.31,1.0
Midgut,3.37,0.36,0.95
Testis,2.88,0.71,0.81
Virgin Spermatheca,0,0,0.0
Mated Spermatheca,0,0,0.0
Ovary,0,0,0.0
Trachea,0,0,0.0
Garland cells,0,0,0.0
