,FPKM_male_adult,SD_male_adult,enrichment_male_adult
Salivary gland,4.14,0.75,2.07
Crop,2.6,0.31,1.3
Malpighian Tubules,2.59,0.29,1.29
Accessory glands,2.56,0.32,1.28
Heart,2.29,0.44,1.15
Eye,2.24,0.13,1.12
Midgut,2.11,0.57,1.05
Hindgut,2.0,0.21,1.0
Garland cells,0,0,0.0
Trachea,0,0,0.0
Ovary,0,0,0.0
Virgin Spermatheca,0,0,0.0
Mated Spermatheca,0,0,0.0
Rectal pad,1.6,0.11,-1.0
Carcass,1.34,0.1,-1.0
Head,1.91,0.3,-1.0
Testis,1.64,0.33,-1.0
Fat body,1.24,0.13,-1.0
Thoracicoabdominal ganglion,1.29,0.11,-1.0
Brain / CNS,0.69,0.04,-1.0
Whole body,1.71,0.33,-1.0
