,FPKM_male_adult,SD_male_adult,enrichment_male_adult
Eye,76.17,5,2.46
Rectal pad,61.19,7.64,1.97
Malpighian Tubules,53.54,2.08,1.73
Head,52.13,2.96,1.68
Hindgut,48.28,10.05,1.56
Thoracicoabdominal ganglion,47.29,0.95,1.53
Crop,45.86,6.33,1.48
Midgut,42.87,2.52,1.38
Heart,40.68,8.31,1.31
Brain / CNS,37.86,2.07,1.22
Salivary gland,37.62,6.34,1.21
Carcass,37.16,3.95,1.2
Accessory glands,33.43,1.82,1.08
Whole body,31.0,3.27,1.0
Testis,25.24,3.14,0.81
Fat body,24.81,1.13,0.8
Trachea,0,0,0.0
Ovary,0,0,0.0
Virgin Spermatheca,0,0,0.0
Mated Spermatheca,0,0,0.0
Garland cells,0,0,0.0
