,FPKM_male_adult,SD_male_adult,enrichment_male_adult
Brain / CNS,31.58,1.85,3.14
Eye,20.2,0.86,2.01
Thoracicoabdominal ganglion,18.91,0.91,1.88
Head,17.4,0.69,1.73
Salivary gland,16.07,0.13,1.6
Accessory glands,14.17,1.05,1.41
Midgut,11.74,0.63,1.17
Testis,11.14,0.42,1.11
Crop,10.33,1.91,1.03
Whole body,10.07,1.07,1.0
Carcass,9.49,0.56,0.94
Heart,9.0,0.96,0.89
Hindgut,8.68,0.32,0.86
Malpighian Tubules,8.48,1.29,0.84
Rectal pad,7.02,0.43,0.7
Fat body,5.26,0.88,0.52
Trachea,0,0,0.0
Ovary,0,0,0.0
Virgin Spermatheca,0,0,0.0
Mated Spermatheca,0,0,0.0
Garland cells,0,0,0.0
