,FPKM_male_adult,SD_male_adult,enrichment_male_adult
Eye,2.59,0.49,1.29
Trachea,0,0,0.0
Garland cells,0,0,0.0
Mated Spermatheca,0,0,0.0
Virgin Spermatheca,0,0,0.0
Ovary,0,0,0.0
Head,1.52,0.1,-1.0
Rectal pad,0.0,0,-1.0
Carcass,0.0,0,-1.0
Accessory glands,0.0,0,-1.0
Testis,0.03,0.03,-1.0
Heart,0.0,0,-1.0
Salivary gland,0.05,0.01,-1.0
Fat body,0.0,0,-1.0
Malpighian Tubules,0.0,0,-1.0
Hindgut,0.01,0.01,-1.0
Midgut,0.0,0,-1.0
Crop,0.03,0,-1.0
Thoracicoabdominal ganglion,0.0,0,-1.0
Brain / CNS,1.77,0.12,-1.0
Whole body,0.21,0.01,-1.0
