,FPKM_male_adult,SD_male_adult,enrichment_male_adult
Accessory glands,8.01,0.41,3.01
Crop,5.0,1.24,1.88
Rectal pad,3.78,0.54,1.42
Malpighian Tubules,3.62,0.69,1.36
Thoracicoabdominal ganglion,3.37,0.17,1.27
Heart,2.79,0.32,1.05
Carcass,2.69,0.61,1.01
Whole body,2.66,0.31,1.0
Hindgut,2.16,0.35,0.81
Head,2.02,0.5,0.76
Brain / CNS,1.81,0.11,0.68
Midgut,1.77,0.31,0.67
Eye,1.48,0.06,0.56
Testis,1.29,0.05,0.48
Fat body,0.96,0.22,0.36
Salivary gland,0.97,0,0.36
Trachea,0,0,0.0
Ovary,0,0,0.0
Virgin Spermatheca,0,0,0.0
Mated Spermatheca,0,0,0.0
Garland cells,0,0,0.0
