,FPKM_male_adult,SD_male_adult,enrichment_male_adult
Heart,1366.05,327.14,5.61
Fat body,734.35,38,3.02
Carcass,575.42,62.08,2.36
Eye,413.81,129.87,1.7
Head,318.73,66.25,1.31
Whole body,243.38,25.92,1.0
Salivary gland,63.09,1.56,0.26
Thoracicoabdominal ganglion,52.36,11.15,0.22
Malpighian Tubules,35.18,8.98,0.14
Crop,28.99,26.71,0.12
Rectal pad,17.19,1.89,0.07
Hindgut,12.18,2.03,0.05
Midgut,8.64,3.78,0.04
Brain / CNS,8.93,4.27,0.04
Testis,6.87,3.32,0.03
Accessory glands,6.23,1.71,0.03
Trachea,0,0,0.0
Ovary,0,0,0.0
Virgin Spermatheca,0,0,0.0
Mated Spermatheca,0,0,0.0
Garland cells,0,0,0.0
