,FPKM_male_adult,SD_male_adult,enrichment_male_adult
Trachea,0,0,0.0
Garland cells,0,0,0.0
Mated Spermatheca,0,0,0.0
Virgin Spermatheca,0,0,0.0
Ovary,0,0,0.0
Head,0.1,0.06,-1.0
Rectal pad,0.1,0.03,-1.0
Carcass,0.11,0.07,-1.0
Accessory glands,0.66,0.28,-1.0
Testis,0.17,0.1,-1.0
Heart,0.07,0.12,-1.0
Eye,0.4,0.14,-1.0
Salivary gland,0.48,0.37,-1.0
Fat body,0.0,0,-1.0
Malpighian Tubules,1.18,0.34,-1.0
Hindgut,0.22,0.26,-1.0
Midgut,0.42,0.08,-1.0
Crop,0.07,0.03,-1.0
Thoracicoabdominal ganglion,0.14,0,-1.0
Brain / CNS,0.19,0.13,-1.0
Whole body,0.19,0.1,-1.0
