,FPKM_male_adult,SD_male_adult,enrichment_male_adult
Heart,44.68,4.09,2.66
Fat body,40.68,4.64,2.42
Thoracicoabdominal ganglion,25.81,5.88,1.53
Whole body,16.82,1.86,1.0
Carcass,15.63,1.32,0.93
Head,15.05,0.87,0.89
Salivary gland,11.43,1.07,0.68
Brain / CNS,8.29,1.86,0.49
Testis,5.81,0.28,0.35
Eye,4.89,0.46,0.29
Crop,4.31,2.79,0.26
Rectal pad,3.11,0.18,0.18
Malpighian Tubules,1.94,0.93,0.12
Hindgut,1.45,0.42,0.09
Midgut,1.36,0.77,0.08
Accessory glands,1.26,0.49,0.07
Trachea,0,0,0.0
Virgin Spermatheca,0,0,0.0
Mated Spermatheca,0,0,0.0
Garland cells,0,0,0.0
Ovary,0,0,0.0
