,FPKM_male_adult,SD_male_adult,enrichment_male_adult
Heart,56.74,11.71,2.99
Eye,48.66,10.76,2.56
Fat body,40.81,6.09,2.15
Head,32.91,4.68,1.73
Carcass,30.58,4.29,1.61
Salivary gland,27.79,1.77,1.46
Accessory glands,25.74,2.46,1.36
Whole body,18.98,2.26,1.0
Thoracicoabdominal ganglion,18.67,3.31,0.98
Crop,16.54,7.78,0.87
Hindgut,12.48,1.3,0.66
Rectal pad,9.06,1.13,0.48
Midgut,5.69,0.58,0.3
Testis,4.7,0.72,0.25
Malpighian Tubules,4.39,1.67,0.23
Brain / CNS,2.8,0.8,0.15
Trachea,0,0,0.0
Virgin Spermatheca,0,0,0.0
Mated Spermatheca,0,0,0.0
Garland cells,0,0,0.0
Ovary,0,0,0.0
