,FPKM_male_adult,SD_male_adult,enrichment_male_adult
Accessory glands,6.03,0.98,2.93
Heart,5.97,1.25,2.9
Rectal pad,3.05,0.25,1.48
Carcass,3.01,0.37,1.46
Hindgut,2.84,0.42,1.38
Midgut,2.75,1.16,1.33
Malpighian Tubules,2.63,0.75,1.28
Testis,2.49,0.43,1.21
Crop,2.44,1.47,1.18
Brain / CNS,2.16,0.12,1.05
Salivary gland,2.12,0.01,1.03
Whole body,2.06,0.36,1.0
Head,2.02,0.38,0.98
Eye,1.86,0.32,0.9
Fat body,1.58,0.23,0.77
Thoracicoabdominal ganglion,0.92,0.13,0.45
Ovary,0,0,0.0
Virgin Spermatheca,0,0,0.0
Mated Spermatheca,0,0,0.0
Trachea,0,0,0.0
Garland cells,0,0,0.0
