,FPKM_male_adult,SD_male_adult,enrichment_male_adult
Midgut,202.23,73.93,7.01
Thoracicoabdominal ganglion,56.78,3.64,1.97
Salivary gland,50.02,4.42,1.73
Brain / CNS,42.12,2.04,1.46
Carcass,37.61,1.8,1.3
Head,35.02,4.55,1.21
Eye,30.27,4.77,1.05
Whole body,28.84,5.14,1.0
Rectal pad,17.65,1.68,0.61
Malpighian Tubules,16.81,5.61,0.58
Crop,15.44,5.42,0.54
Accessory glands,11.66,9.15,0.4
Heart,11.1,4.53,0.38
Hindgut,9.59,4.24,0.33
Testis,8.89,1.32,0.31
Fat body,7.47,1.06,0.26
Trachea,0,0,0.0
Ovary,0,0,0.0
Virgin Spermatheca,0,0,0.0
Mated Spermatheca,0,0,0.0
Garland cells,0,0,0.0
