,FPKM_male_adult,SD_male_adult,enrichment_male_adult
Carcass,2.55,4.37,1.27
Hindgut,2.23,3.35,1.11
Trachea,0,0,0.0
Garland cells,0,0,0.0
Mated Spermatheca,0,0,0.0
Virgin Spermatheca,0,0,0.0
Ovary,0,0,0.0
Head,0.02,0.03,-1.0
Rectal pad,0.02,0.02,-1.0
Accessory glands,0.03,0.03,-1.0
Testis,0.05,0.05,-1.0
Heart,0.1,0.14,-1.0
Eye,0.02,0.02,-1.0
Salivary gland,0.08,0.08,-1.0
Fat body,0.07,0.09,-1.0
Malpighian Tubules,0.06,0.03,-1.0
Midgut,0.0,0,-1.0
Crop,0.03,0,-1.0
Thoracicoabdominal ganglion,1.72,0.91,-1.0
Brain / CNS,0.09,0.05,-1.0
Whole body,0.03,0.04,-1.0
