,FPKM_male_adult,SD_male_adult,enrichment_male_adult
Eye,70.64,2.69,14.04
Head,22.73,1.73,4.52
Thoracicoabdominal ganglion,19.41,0.53,3.86
Brain / CNS,13.78,0.52,2.74
Whole body,5.03,0.84,1.0
Carcass,2.48,0.63,0.49
Testis,1.55,0.56,0.31
Heart,1.05,0.44,0.21
Salivary gland,0.81,0.21,0.16
Crop,0.46,0.25,0.09
Rectal pad,0.24,0.03,0.05
Fat body,0.15,0.11,0.03
Midgut,0.04,0.02,0.01
Hindgut,0.05,0.01,0.01
Malpighian Tubules,0.04,0.06,0.01
Accessory glands,0.03,0.02,0.01
Trachea,0,0,0.0
Ovary,0,0,0.0
Virgin Spermatheca,0,0,0.0
Mated Spermatheca,0,0,0.0
Garland cells,0,0,0.0
