,FPKM_male_adult,SD_male_adult,enrichment_male_adult
Brain / CNS,5.86,0.33,1.41
Crop,5.61,1.43,1.35
Testis,5.3,0.42,1.28
Eye,5.23,0.54,1.26
Carcass,4.92,0.18,1.19
Thoracicoabdominal ganglion,4.82,0.48,1.16
Salivary gland,4.55,0.54,1.1
Heart,4.35,0.42,1.05
Head,4.27,0.26,1.03
Accessory glands,4.25,0.52,1.02
Whole body,4.15,0.51,1.0
Malpighian Tubules,3.92,0.99,0.94
Midgut,3.23,0.19,0.78
Rectal pad,2.97,0.4,0.72
Hindgut,2.5,0.16,0.6
Fat body,2.34,0.36,0.56
Trachea,0,0,0.0
Ovary,0,0,0.0
Virgin Spermatheca,0,0,0.0
Mated Spermatheca,0,0,0.0
Garland cells,0,0,0.0
