,FPKM_male_adult,SD_male_adult,enrichment_male_adult
Accessory glands,7.59,1.01,2.36
Heart,7.54,0.96,2.35
Salivary gland,6.13,0.08,1.91
Carcass,6.06,0.37,1.89
Thoracicoabdominal ganglion,6.0,0.01,1.87
Midgut,5.84,0.81,1.82
Rectal pad,5.77,0.62,1.8
Malpighian Tubules,5.69,1.01,1.77
Eye,5.65,0.32,1.76
Brain / CNS,5.52,0.47,1.72
Fat body,4.91,1.34,1.53
Head,4.84,0.76,1.51
Crop,4.78,0.86,1.49
Hindgut,4.09,0.3,1.27
Whole body,3.21,0.55,1.0
Testis,1.28,0.31,0.4
Ovary,0,0,0.0
Virgin Spermatheca,0,0,0.0
Mated Spermatheca,0,0,0.0
Trachea,0,0,0.0
Garland cells,0,0,0.0
