,FPKM_male_adult,SD_male_adult,enrichment_male_adult
Malpighian Tubules,51.27,22.21,14.32
Hindgut,30.23,5.67,8.44
Eye,14.09,1.29,3.94
Heart,11.65,2.87,3.25
Crop,11.33,1.3,3.16
Carcass,10.67,3.4,2.98
Fat body,10.52,1.41,2.94
Midgut,8.56,0.91,2.39
Head,6.64,2.44,1.85
Rectal pad,5.32,0.63,1.49
Whole body,3.58,2.31,1.0
Salivary gland,3.15,0.33,0.88
Thoracicoabdominal ganglion,2.5,0.05,0.7
Brain / CNS,2.25,0.32,0.63
Testis,0.62,0.2,0.17
Accessory glands,0.48,0.08,0.13
Trachea,0,0,0.0
Ovary,0,0,0.0
Virgin Spermatheca,0,0,0.0
Mated Spermatheca,0,0,0.0
Garland cells,0,0,0.0
