,FPKM_male_adult,SD_male_adult,enrichment_male_adult
Accessory glands,11.64,2.91,2.83
Eye,11.39,0.96,2.76
Salivary gland,10.23,0.73,2.48
Thoracicoabdominal ganglion,9.77,0.28,2.37
Heart,8.42,1.23,2.04
Hindgut,7.25,0.09,1.76
Brain / CNS,7.08,0.59,1.72
Crop,6.44,0.24,1.56
Rectal pad,6.28,0.35,1.52
Head,5.59,0.48,1.36
Carcass,5.41,0.87,1.31
Midgut,4.11,0.74,1.0
Whole body,4.12,0.4,1.0
Testis,3.97,0.54,0.96
Malpighian Tubules,3.7,0.81,0.9
Fat body,2.62,1.15,0.64
Trachea,0,0,0.0
Ovary,0,0,0.0
Virgin Spermatheca,0,0,0.0
Mated Spermatheca,0,0,0.0
Garland cells,0,0,0.0
