,FPKM_male_adult,SD_male_adult,enrichment_male_adult
Hindgut,866.76,85.69,1.89
Thoracicoabdominal ganglion,802.29,141.13,1.75
Carcass,686.12,137.51,1.49
Crop,591.09,147.53,1.29
Rectal pad,557.97,42.61,1.22
Midgut,510.7,58.64,1.11
Eye,473.6,41.61,1.03
Whole body,459.13,32.98,1.0
Brain / CNS,357.26,7.59,0.78
Head,348.25,12.87,0.76
Heart,220.81,35.18,0.48
Salivary gland,213.53,34.41,0.47
Testis,113.29,2.54,0.25
Accessory glands,116.49,14.87,0.25
Malpighian Tubules,105.57,22.45,0.23
Fat body,39.2,12.91,0.09
Trachea,0,0,0.0
Ovary,0,0,0.0
Virgin Spermatheca,0,0,0.0
Mated Spermatheca,0,0,0.0
Garland cells,0,0,0.0
