,FPKM_male_adult,SD_male_adult,enrichment_male_adult
Fat body,103.95,13.18,4.75
Heart,85.94,23.45,3.93
Eye,50.45,8.37,2.3
Head,41.87,5.54,1.91
Carcass,41.14,1.54,1.88
Whole body,21.89,2.42,1.0
Salivary gland,12.79,0.42,0.58
Thoracicoabdominal ganglion,8.93,1.75,0.41
Crop,4.47,3.71,0.2
Rectal pad,2.46,0.16,0.11
Brain / CNS,2.07,0.88,0.09
Testis,1.3,0.27,0.06
Hindgut,0.91,0.29,0.04
Malpighian Tubules,0.7,0.21,0.03
Accessory glands,0.41,0.12,0.02
Trachea,0,0,0.0
Midgut,0.08,0.06,0.0
Virgin Spermatheca,0,0,0.0
Mated Spermatheca,0,0,0.0
Garland cells,0,0,0.0
Ovary,0,0,0.0
