,FPKM_male_adult,SD_male_adult,enrichment_male_adult
Head,22.44,2.69,1.73
Heart,21.87,8.64,1.69
Brain / CNS,20.37,0.57,1.57
Fat body,16.49,1.76,1.27
Malpighian Tubules,16.11,2.57,1.24
Eye,13.84,1.54,1.07
Carcass,13.63,2.17,1.05
Salivary gland,13.28,0.74,1.03
Whole body,12.95,0.49,1.0
Midgut,12.7,1.38,0.98
Thoracicoabdominal ganglion,12.23,1.64,0.94
Crop,10.91,0.16,0.84
Rectal pad,8.84,0.39,0.68
Hindgut,6.68,0.77,0.52
Accessory glands,5.98,0.82,0.46
Testis,4.08,1.79,0.32
Ovary,0,0,0.0
Virgin Spermatheca,0,0,0.0
Mated Spermatheca,0,0,0.0
Garland cells,0,0,0.0
Trachea,0,0,0.0
