,FPKM_male_adult,SD_male_adult,enrichment_male_adult
Midgut,5.25,0.5,1.63
Salivary gland,5.17,0.31,1.61
Accessory glands,4.85,0.35,1.51
Brain / CNS,4.64,0.55,1.44
Testis,4.65,0.16,1.44
Head,4.17,0.54,1.3
Eye,4.08,0.36,1.27
Thoracicoabdominal ganglion,4.06,0.11,1.26
Heart,4.02,0.55,1.25
Fat body,3.9,0.56,1.21
Malpighian Tubules,3.73,0.55,1.16
Crop,3.36,0.57,1.04
Hindgut,3.33,0.21,1.03
Whole body,3.22,0.39,1.0
Carcass,2.87,0.35,0.89
Rectal pad,2.47,0.1,0.77
Trachea,0,0,0.0
Ovary,0,0,0.0
Virgin Spermatheca,0,0,0.0
Mated Spermatheca,0,0,0.0
Garland cells,0,0,0.0
