,FPKM_male_adult,SD_male_adult,enrichment_male_adult
Thoracicoabdominal ganglion,7.31,0.59,3.65
Brain / CNS,2.97,0.27,1.49
Ovary,0,0,0.0
Garland cells,0,0,0.0
Mated Spermatheca,0,0,0.0
Virgin Spermatheca,0,0,0.0
Trachea,0,0,0.0
Head,1.44,0.06,-1.0
Rectal pad,0.03,0.02,-1.0
Carcass,0.47,0.08,-1.0
Accessory glands,0.08,0.09,-1.0
Testis,0.69,0.05,-1.0
Heart,1.02,0.57,-1.0
Eye,0.75,0.1,-1.0
Salivary gland,0.22,0,-1.0
Fat body,0.13,0.03,-1.0
Malpighian Tubules,0.2,0.03,-1.0
Hindgut,0.07,0.02,-1.0
Midgut,0.45,0.31,-1.0
Crop,0.12,0.05,-1.0
Whole body,0.5,0.09,-1.0
