,FPKM_male_adult,SD_male_adult,enrichment_male_adult
Midgut,1034.96,209.13,14.44
Carcass,710.09,626.9,9.91
Fat body,630.02,132.04,8.79
Crop,493.11,697.36,6.88
Malpighian Tubules,381.33,575.94,5.32
Heart,319.54,125.03,4.46
Testis,236.04,408.83,3.29
Hindgut,196.44,340.24,2.74
Whole body,71.66,65.78,1.0
Eye,53.05,75.03,0.74
Salivary gland,0.0,0,0.0
Trachea,0,0,0.0
Ovary,0,0,0.0
Virgin Spermatheca,0,0,0.0
Mated Spermatheca,0,0,0.0
Thoracicoabdominal ganglion,0.0,0,0.0
Accessory glands,0.0,0,0.0
Brain / CNS,0.0,0,0.0
Rectal pad,0.0,0,0.0
Garland cells,0,0,0.0
Head,0.0,0,0.0
