,FPKM_male_adult,SD_male_adult,enrichment_male_adult
Thoracicoabdominal ganglion,45.27,8.76,4.06
Brain / CNS,44.42,1.61,3.99
Head,34.92,1.06,3.13
Eye,26.69,1.79,2.4
Midgut,23.92,2.5,2.15
Whole body,11.14,0.62,1.0
Crop,5.34,0.5,0.48
Accessory glands,5.31,0.43,0.48
Carcass,3.66,1.11,0.33
Salivary gland,2.29,0.74,0.21
Malpighian Tubules,1.72,0.65,0.15
Testis,0.68,0.09,0.06
Fat body,0.59,0.5,0.05
Rectal pad,0.58,0.08,0.05
Heart,0.26,0.11,0.02
Hindgut,0.14,0.08,0.01
Trachea,0,0,0.0
Ovary,0,0,0.0
Virgin Spermatheca,0,0,0.0
Mated Spermatheca,0,0,0.0
Garland cells,0,0,0.0
