,FPKM_male_adult,SD_male_adult,enrichment_male_adult
Testis,59.95,11.42,3.84
Rectal pad,43.98,2.7,2.82
Crop,25.38,4.14,1.62
Hindgut,23.46,2.32,1.5
Eye,18.38,3.03,1.18
Whole body,15.62,0.82,1.0
Head,12.09,1.36,0.77
Malpighian Tubules,11.41,2.67,0.73
Carcass,10.13,1.88,0.65
Brain / CNS,6.22,0.32,0.4
Heart,5.68,2.06,0.36
Accessory glands,3.05,0.2,0.2
Salivary gland,2.51,0.41,0.16
Midgut,2.38,0.45,0.15
Thoracicoabdominal ganglion,2.15,0.13,0.14
Fat body,1.41,0.2,0.09
Trachea,0,0,0.0
Ovary,0,0,0.0
Virgin Spermatheca,0,0,0.0
Mated Spermatheca,0,0,0.0
Garland cells,0,0,0.0
