,FPKM_male_adult,SD_male_adult,enrichment_male_adult
Testis,3.12,0.66,1.56
Trachea,0,0,0.0
Garland cells,0,0,0.0
Mated Spermatheca,0,0,0.0
Virgin Spermatheca,0,0,0.0
Ovary,0,0,0.0
Head,0.42,0.33,-1.0
Rectal pad,0.04,0.02,-1.0
Carcass,0.28,0.16,-1.0
Accessory glands,0.02,0.03,-1.0
Heart,0.05,0.09,-1.0
Eye,0.25,0.1,-1.0
Salivary gland,0.14,0.04,-1.0
Fat body,0.0,0,-1.0
Malpighian Tubules,0.04,0.07,-1.0
Hindgut,0.01,0.01,-1.0
Midgut,0.0,0,-1.0
Crop,0.12,0.11,-1.0
Thoracicoabdominal ganglion,0.02,0.02,-1.0
Brain / CNS,0.01,0.01,-1.0
Whole body,0.45,0.13,-1.0
