,FPKM_male_adult,SD_male_adult,enrichment_male_adult
Crop,32.88,2.45,10.21
Accessory glands,5.58,3.05,1.73
Eye,5.36,0.06,1.66
Heart,4.82,0.67,1.5
Testis,4.59,0.57,1.43
Carcass,4.13,0.35,1.28
Fat body,3.61,0.35,1.12
Head,3.48,0.51,1.08
Salivary gland,3.27,0.06,1.02
Whole body,3.22,0.18,1.0
Hindgut,2.38,0.13,0.74
Midgut,2.36,0.38,0.73
Rectal pad,1.91,0.26,0.59
Thoracicoabdominal ganglion,1.88,0.23,0.58
Malpighian Tubules,0.95,0.39,0.3
Brain / CNS,0.47,0.1,0.15
Trachea,0,0,0.0
Ovary,0,0,0.0
Virgin Spermatheca,0,0,0.0
Mated Spermatheca,0,0,0.0
Garland cells,0,0,0.0
