,FPKM_male_adult,SD_male_adult,enrichment_male_adult
Accessory glands,19.0,2.32,2.07
Head,16.15,2.14,1.76
Testis,11.85,5.6,1.29
Rectal pad,11.01,1.45,1.2
Fat body,10.17,3.36,1.11
Crop,10.18,0.21,1.11
Heart,9.46,1.94,1.03
Whole body,9.19,0.69,1.0
Salivary gland,7.18,0.15,0.78
Thoracicoabdominal ganglion,6.92,0.57,0.75
Eye,6.58,0.55,0.72
Malpighian Tubules,6.54,2.23,0.71
Carcass,6.46,3.19,0.7
Brain / CNS,6.14,0.21,0.67
Hindgut,4.94,1.19,0.54
Midgut,4.52,0.96,0.49
Trachea,0,0,0.0
Ovary,0,0,0.0
Virgin Spermatheca,0,0,0.0
Mated Spermatheca,0,0,0.0
Garland cells,0,0,0.0
