,FPKM_male_adult,SD_male_adult,enrichment_male_adult
Hindgut,174.82,302.8,87.41
Trachea,0,0,0.0
Garland cells,0,0,0.0
Mated Spermatheca,0,0,0.0
Virgin Spermatheca,0,0,0.0
Ovary,0,0,0.0
Head,0.71,0.55,-1.0
Rectal pad,0.26,0.31,-1.0
Carcass,0.37,0.57,-1.0
Accessory glands,0.1,0.09,-1.0
Testis,1.77,0.84,-1.0
Heart,0.26,0.28,-1.0
Eye,0.72,0.55,-1.0
Salivary gland,0.89,0.61,-1.0
Fat body,0.33,0.57,-1.0
Malpighian Tubules,1.09,1.27,-1.0
Midgut,0.15,0.25,-1.0
Crop,0.13,0.03,-1.0
Thoracicoabdominal ganglion,0.2,0.18,-1.0
Brain / CNS,0.91,0.96,-1.0
Whole body,0.89,0.98,-1.0
