,FPKM_male_adult,SD_male_adult,enrichment_male_adult
Testis,76.18,14.24,10.67
Whole body,7.14,1.2,1.0
Fat body,0.83,1.2,0.12
Heart,0.62,0.32,0.09
Carcass,0.52,0.43,0.07
Malpighian Tubules,0.45,0.72,0.06
Salivary gland,0.24,0.14,0.03
Crop,0.15,0.02,0.02
Thoracicoabdominal ganglion,0.11,0.08,0.02
Accessory glands,0.04,0.07,0.01
Rectal pad,0.05,0.06,0.01
Head,0.07,0.02,0.01
Eye,0.06,0,0.01
Midgut,0.0,0,0.0
Virgin Spermatheca,0,0,0.0
Mated Spermatheca,0,0,0.0
Brain / CNS,0.02,0.03,0.0
Trachea,0,0,0.0
Hindgut,0.0,0,0.0
Garland cells,0,0,0.0
Ovary,0,0,0.0
