,FPKM_male_adult,SD_male_adult,enrichment_male_adult
Salivary gland,68.85,10.86,20.49
Head,27.1,11.7,8.07
Whole body,3.36,2.69,1.0
Heart,2.54,1.56,0.76
Carcass,2.07,2.98,0.62
Eye,1.52,1.51,0.45
Thoracicoabdominal ganglion,1.42,0.5,0.42
Crop,1.33,0.76,0.4
Testis,1.13,1.52,0.34
Fat body,0.65,1.13,0.19
Malpighian Tubules,0.36,0.33,0.11
Brain / CNS,0.24,0.26,0.07
Rectal pad,0.08,0.14,0.02
Hindgut,0.0,0,0.0
Trachea,0,0,0.0
Virgin Spermatheca,0,0,0.0
Mated Spermatheca,0,0,0.0
Accessory glands,0.0,0,0.0
Midgut,0.0,0,0.0
Garland cells,0,0,0.0
Ovary,0,0,0.0
