,FPKM_male_adult,SD_male_adult,enrichment_male_adult
Heart,55.84,3.83,2.21
Fat body,49.49,5.7,1.96
Carcass,36.98,4.3,1.47
Accessory glands,33.47,1.04,1.33
Crop,30.42,7.21,1.21
Salivary gland,27.94,0.49,1.11
Whole body,25.24,1.48,1.0
Eye,24.09,3.44,0.95
Midgut,23.04,0.57,0.91
Head,20.1,0.63,0.8
Rectal pad,16.5,1.68,0.65
Thoracicoabdominal ganglion,14.16,3.24,0.56
Malpighian Tubules,9.58,1.16,0.38
Testis,8.4,0.31,0.33
Hindgut,7.47,0.69,0.3
Brain / CNS,4.68,0.6,0.19
Trachea,0,0,0.0
Ovary,0,0,0.0
Virgin Spermatheca,0,0,0.0
Mated Spermatheca,0,0,0.0
Garland cells,0,0,0.0
