,FPKM_male_adult,SD_male_adult,enrichment_male_adult
Head,4.01,0.13,2.0
Eye,3.53,0.4,1.76
Brain / CNS,3.07,0.11,1.53
Ovary,0,0,0.0
Garland cells,0,0,0.0
Mated Spermatheca,0,0,0.0
Virgin Spermatheca,0,0,0.0
Trachea,0,0,0.0
Rectal pad,0.1,0.03,-1.0
Carcass,0.22,0.03,-1.0
Accessory glands,0.01,0.01,-1.0
Testis,0.24,0.05,-1.0
Heart,0.05,0.02,-1.0
Salivary gland,0.1,0.04,-1.0
Fat body,0.11,0.05,-1.0
Malpighian Tubules,0.23,0.11,-1.0
Hindgut,0.02,0,-1.0
Midgut,0.01,0.01,-1.0
Crop,0.06,0.04,-1.0
Thoracicoabdominal ganglion,0.79,0.08,-1.0
Whole body,0.88,0.02,-1.0
