,FPKM_male_adult,SD_male_adult,enrichment_male_adult
Brain / CNS,18.5,0.85,2.5
Head,14.34,0.53,1.94
Thoracicoabdominal ganglion,10.78,1.14,1.45
Eye,10.43,2.14,1.41
Salivary gland,7.67,0.19,1.04
Crop,7.51,1.12,1.01
Whole body,7.41,0.46,1.0
Hindgut,7.31,0.5,0.99
Rectal pad,6.74,0.7,0.91
Malpighian Tubules,6.34,1.66,0.86
Accessory glands,5.86,0.41,0.79
Carcass,5.66,0.57,0.76
Midgut,5.58,0.32,0.75
Heart,5.41,2.2,0.73
Fat body,5.28,0.14,0.71
Testis,1.93,0.28,0.26
Trachea,0,0,0.0
Ovary,0,0,0.0
Virgin Spermatheca,0,0,0.0
Mated Spermatheca,0,0,0.0
Garland cells,0,0,0.0
