,FPKM_male_adult,SD_male_adult,enrichment_male_adult
Rectal pad,4.57,0.68,2.29
Hindgut,4.46,0.31,2.23
Crop,4.2,1.12,2.1
Head,2.29,0.76,1.15
Ovary,0,0,0.0
Garland cells,0,0,0.0
Mated Spermatheca,0,0,0.0
Virgin Spermatheca,0,0,0.0
Trachea,0,0,0.0
Carcass,0.13,0.08,-1.0
Accessory glands,1.38,0.58,-1.0
Testis,1.61,0.21,-1.0
Heart,0.06,0.06,-1.0
Eye,0.37,0.04,-1.0
Salivary gland,0.53,0.18,-1.0
Fat body,0.04,0.06,-1.0
Malpighian Tubules,0.33,0.13,-1.0
Midgut,0.33,0.29,-1.0
Thoracicoabdominal ganglion,0.11,0.12,-1.0
Brain / CNS,0.34,0.07,-1.0
Whole body,1.07,0.05,-1.0
