,FPKM_male_adult,SD_male_adult,enrichment_male_adult
Testis,193.47,31.31,10.26
Whole body,18.85,6.61,1.0
Fat body,6.68,6.29,0.35
Brain / CNS,5.4,0.29,0.29
Heart,4.84,3.32,0.26
Carcass,4.43,1.74,0.24
Malpighian Tubules,4.14,1.02,0.22
Thoracicoabdominal ganglion,4.08,1.21,0.22
Crop,3.83,0.72,0.2
Rectal pad,3.35,0.37,0.18
Salivary gland,3.04,0.46,0.16
Eye,3.05,0.34,0.16
Head,2.72,0.33,0.14
Accessory glands,2.43,0.38,0.13
Hindgut,2.01,0.4,0.11
Midgut,1.76,0.48,0.09
Trachea,0,0,0.0
Ovary,0,0,0.0
Virgin Spermatheca,0,0,0.0
Mated Spermatheca,0,0,0.0
Garland cells,0,0,0.0
