,FPKM_male_adult,SD_male_adult,enrichment_male_adult
Eye,340.21,41.14,8.7
Thoracicoabdominal ganglion,167.82,3.02,4.29
Brain / CNS,126.62,6.79,3.24
Head,97.35,7.34,2.49
Rectal pad,53.84,6.82,1.38
Carcass,48.04,0.64,1.23
Whole body,39.11,2.49,1.0
Salivary gland,13.63,1.34,0.35
Crop,8.96,3.76,0.23
Testis,8.01,1.49,0.2
Fat body,2.01,1,0.05
Heart,1.86,0.35,0.05
Malpighian Tubules,0.3,0.21,0.01
Hindgut,0.24,0.04,0.01
Accessory glands,0.58,0.27,0.01
Midgut,0.21,0.09,0.01
Trachea,0,0,0.0
Ovary,0,0,0.0
Virgin Spermatheca,0,0,0.0
Mated Spermatheca,0,0,0.0
Garland cells,0,0,0.0
