,FPKM_male_adult,SD_male_adult,enrichment_male_adult
Thoracicoabdominal ganglion,64.67,2.88,3.2
Brain / CNS,50.89,2.57,2.52
Salivary gland,46.54,7.03,2.31
Rectal pad,44.23,0.65,2.19
Head,36.19,2.66,1.79
Malpighian Tubules,35.34,13.92,1.75
Crop,34.37,4.43,1.7
Eye,33.3,4.75,1.65
Testis,30.04,2.71,1.49
Midgut,25.88,5.49,1.28
Hindgut,24.48,1.78,1.21
Whole body,20.18,1.32,1.0
Accessory glands,17.57,10.02,0.87
Carcass,16.35,1.49,0.81
Heart,8.01,1.2,0.4
Fat body,6.64,0.54,0.33
Ovary,0,0,0.0
Virgin Spermatheca,0,0,0.0
Mated Spermatheca,0,0,0.0
Trachea,0,0,0.0
Garland cells,0,0,0.0
