,FPKM_male_adult,SD_male_adult,enrichment_male_adult
Trachea,0,0,0.0
Garland cells,0,0,0.0
Mated Spermatheca,0,0,0.0
Virgin Spermatheca,0,0,0.0
Ovary,0,0,0.0
Head,0.3,0.17,-1.0
Rectal pad,0.15,0.19,-1.0
Carcass,0.2,0.16,-1.0
Accessory glands,0.2,0.03,-1.0
Testis,0.41,0.21,-1.0
Heart,0.18,0.16,-1.0
Eye,0.38,0.28,-1.0
Salivary gland,0.46,0.32,-1.0
Fat body,0.06,0.1,-1.0
Malpighian Tubules,0.2,0.06,-1.0
Hindgut,0.39,0.27,-1.0
Midgut,0.37,0.04,-1.0
Crop,0.31,0.2,-1.0
Thoracicoabdominal ganglion,0.26,0.07,-1.0
Brain / CNS,0.31,0.04,-1.0
Whole body,0.27,0.19,-1.0
