,FPKM_male_adult,SD_male_adult,enrichment_male_adult
Eye,4.25,0.51,2.05
Head,3.77,0.65,1.82
Testis,2.26,0.45,1.09
Whole body,2.07,0.14,1.0
Thoracicoabdominal ganglion,1.6,0.23,0.77
Brain / CNS,1.56,0.11,0.75
Salivary gland,1.46,0.69,0.71
Midgut,0.93,0.25,0.45
Carcass,0.9,0.24,0.43
Heart,0.79,0.22,0.38
Accessory glands,0.72,0.09,0.35
Rectal pad,0.65,0.13,0.31
Crop,0.63,0.21,0.3
Malpighian Tubules,0.56,0.32,0.27
Hindgut,0.56,0.07,0.27
Fat body,0.52,0.13,0.25
Virgin Spermatheca,0,0,0.0
Mated Spermatheca,0,0,0.0
Trachea,0,0,0.0
Garland cells,0,0,0.0
Ovary,0,0,0.0
