,FPKM_male_adult,SD_male_adult,enrichment_male_adult
Midgut,88.2,9.16,2.05
Heart,86.37,11.66,2.0
Malpighian Tubules,83.49,9.34,1.94
Salivary gland,76.91,3.23,1.78
Hindgut,75.24,5,1.75
Accessory glands,64.55,12.58,1.5
Rectal pad,62.84,6.79,1.46
Eye,60.03,3.42,1.39
Thoracicoabdominal ganglion,58.55,8.01,1.36
Crop,58.38,2.81,1.35
Brain / CNS,49.41,1.23,1.15
Carcass,48.17,5.85,1.12
Head,45.74,1.82,1.06
Whole body,43.1,2.63,1.0
Testis,35.97,1.76,0.83
Fat body,34.31,4.85,0.8
Virgin Spermatheca,0,0,0.0
Mated Spermatheca,0,0,0.0
Ovary,0,0,0.0
Trachea,0,0,0.0
Garland cells,0,0,0.0
