,FPKM_male_adult,SD_male_adult,enrichment_male_adult
Testis,116.42,10.87,5.32
Midgut,37.18,2.47,1.7
Whole body,21.89,2.79,1.0
Fat body,13.33,1.36,0.61
Eye,12.63,1.55,0.58
Heart,11.21,0.29,0.51
Rectal pad,10.65,1.21,0.49
Hindgut,9.72,0.67,0.44
Thoracicoabdominal ganglion,9.07,1.34,0.41
Brain / CNS,8.46,0.35,0.39
Carcass,7.91,0.74,0.36
Head,7.1,0.99,0.32
Malpighian Tubules,5.66,0.98,0.26
Crop,3.24,0.73,0.15
Accessory glands,2.94,1.52,0.13
Salivary gland,2.62,0.08,0.12
Trachea,0,0,0.0
Ovary,0,0,0.0
Virgin Spermatheca,0,0,0.0
Mated Spermatheca,0,0,0.0
Garland cells,0,0,0.0
