,FPKM_male_adult,SD_male_adult,enrichment_male_adult
Testis,20.68,1.13,7.66
Whole body,2.7,0.48,1.0
Crop,1.48,0.17,0.55
Carcass,0.76,0.12,0.28
Salivary gland,0.7,0.57,0.26
Rectal pad,0.69,0.1,0.26
Midgut,0.61,0.43,0.23
Hindgut,0.63,0.47,0.23
Heart,0.6,0.27,0.22
Brain / CNS,0.55,0.21,0.2
Eye,0.45,0.03,0.17
Malpighian Tubules,0.43,0.34,0.16
Head,0.38,0.07,0.14
Fat body,0.34,0.27,0.13
Thoracicoabdominal ganglion,0.35,0.07,0.13
Accessory glands,0.31,0.1,0.11
Trachea,0,0,0.0
Ovary,0,0,0.0
Virgin Spermatheca,0,0,0.0
Mated Spermatheca,0,0,0.0
Garland cells,0,0,0.0
