,FPKM_male_adult,SD_male_adult,enrichment_male_adult
Rectal pad,44.32,6.2,15.28
Hindgut,42.57,3.61,14.68
Malpighian Tubules,41.89,9.15,14.44
Eye,4.39,0.71,1.51
Whole body,2.9,0.42,1.0
Testis,2.69,0.73,0.93
Head,1.4,0.12,0.48
Thoracicoabdominal ganglion,1.39,0.07,0.48
Carcass,0.94,0.47,0.32
Midgut,0.77,0.2,0.27
Brain / CNS,0.58,0.12,0.2
Salivary gland,0.44,0.19,0.15
Crop,0.24,0.08,0.08
Heart,0.16,0.15,0.06
Fat body,0.12,0.15,0.04
Accessory glands,0.05,0.04,0.02
Trachea,0,0,0.0
Ovary,0,0,0.0
Virgin Spermatheca,0,0,0.0
Mated Spermatheca,0,0,0.0
Garland cells,0,0,0.0
