,FPKM_male_adult,SD_male_adult,enrichment_male_adult
Trachea,0,0,0.0
Garland cells,0,0,0.0
Mated Spermatheca,0,0,0.0
Virgin Spermatheca,0,0,0.0
Ovary,0,0,0.0
Head,0.43,0.26,-1.0
Rectal pad,0.31,0.11,-1.0
Carcass,0.21,0.15,-1.0
Accessory glands,1.54,0.44,-1.0
Testis,0.45,0.21,-1.0
Heart,0.17,0.16,-1.0
Eye,0.28,0.15,-1.0
Salivary gland,0.36,0.13,-1.0
Fat body,0.38,0.21,-1.0
Malpighian Tubules,0.17,0.17,-1.0
Hindgut,0.38,0.29,-1.0
Midgut,0.2,0.11,-1.0
Crop,0.19,0.04,-1.0
Thoracicoabdominal ganglion,0.84,0.24,-1.0
Brain / CNS,0.69,0.25,-1.0
Whole body,0.27,0.02,-1.0
