,FPKM_male_adult,SD_male_adult,enrichment_male_adult
Brain / CNS,13.75,0.91,2.26
Midgut,12.38,0.19,2.04
Salivary gland,9.92,0.37,1.63
Crop,9.84,0.46,1.62
Accessory glands,9.51,0.39,1.56
Malpighian Tubules,9.05,1.15,1.49
Eye,8.96,0.32,1.47
Head,8.04,0.44,1.32
Thoracicoabdominal ganglion,8.04,0.52,1.32
Heart,7.67,2.91,1.26
Carcass,7.61,1.03,1.25
Hindgut,6.8,0.51,1.12
Rectal pad,6.22,0.55,1.02
Whole body,6.08,0.51,1.0
Testis,5.99,0.02,0.99
Fat body,5.57,0.65,0.92
Trachea,0,0,0.0
Ovary,0,0,0.0
Virgin Spermatheca,0,0,0.0
Mated Spermatheca,0,0,0.0
Garland cells,0,0,0.0
