,FPKM_male_adult,SD_male_adult,enrichment_male_adult
Brain / CNS,9.55,0.12,1.81
Head,8.14,0.44,1.54
Testis,6.61,1.52,1.25
Midgut,6.29,0.07,1.19
Eye,6.31,0.92,1.19
Salivary gland,5.68,0.24,1.07
Thoracicoabdominal ganglion,5.52,0.67,1.04
Whole body,5.29,0.59,1.0
Malpighian Tubules,5.02,0.55,0.95
Accessory glands,4.97,0.19,0.94
Heart,4.96,1.06,0.94
Crop,4.67,0.33,0.88
Hindgut,3.61,0.1,0.68
Carcass,3.36,0.64,0.64
Fat body,3.12,0.28,0.59
Rectal pad,2.77,0.05,0.52
Trachea,0,0,0.0
Ovary,0,0,0.0
Virgin Spermatheca,0,0,0.0
Mated Spermatheca,0,0,0.0
Garland cells,0,0,0.0
