,FPKM_male_adult,SD_male_adult,enrichment_male_adult
Malpighian Tubules,490.1,161.79,3.48
Carcass,330.36,48.44,2.35
Salivary gland,304.19,35.21,2.16
Heart,269.85,36.66,1.92
Thoracicoabdominal ganglion,192.06,22.77,1.36
Fat body,170.6,10.46,1.21
Whole body,140.85,19.77,1.0
Midgut,130.47,13.25,0.93
Head,99.0,8.81,0.7
Crop,88.8,18.22,0.63
Eye,87.32,16.19,0.62
Accessory glands,82.16,5.05,0.58
Brain / CNS,68.98,4.71,0.49
Hindgut,49.6,4.7,0.35
Rectal pad,44.99,2.85,0.32
Testis,16.38,1.65,0.12
Trachea,0,0,0.0
Ovary,0,0,0.0
Virgin Spermatheca,0,0,0.0
Mated Spermatheca,0,0,0.0
Garland cells,0,0,0.0
