,FPKM_male_adult,SD_male_adult,enrichment_male_adult
Eye,97.5,11,6.93
Salivary gland,97.1,2.59,6.91
Brain / CNS,44.58,0.79,3.17
Head,43.0,3.66,3.06
Thoracicoabdominal ganglion,39.49,3.66,2.81
Accessory glands,28.77,2.1,2.05
Midgut,24.07,1.71,1.71
Hindgut,17.99,0.64,1.28
Crop,17.76,0.54,1.26
Whole body,14.06,0.17,1.0
Rectal pad,11.53,1.59,0.82
Carcass,10.35,1.27,0.74
Testis,7.26,1.18,0.52
Heart,6.53,2.24,0.46
Malpighian Tubules,6.38,0.71,0.45
Fat body,5.12,0.9,0.36
Trachea,0,0,0.0
Ovary,0,0,0.0
Virgin Spermatheca,0,0,0.0
Mated Spermatheca,0,0,0.0
Garland cells,0,0,0.0
