,FPKM_male_adult,SD_male_adult,enrichment_male_adult
Eye,20.52,1.93,10.26
Head,7.03,0.58,3.52
Malpighian Tubules,3.3,1.04,1.65
Ovary,0,0,0.0
Garland cells,0,0,0.0
Mated Spermatheca,0,0,0.0
Virgin Spermatheca,0,0,0.0
Trachea,0,0,0.0
Rectal pad,0.25,0.07,-1.0
Carcass,0.56,0.13,-1.0
Accessory glands,0.58,0.21,-1.0
Testis,1.95,0.53,-1.0
Heart,0.36,0.07,-1.0
Salivary gland,0.78,0.05,-1.0
Fat body,0.34,0.16,-1.0
Hindgut,0.4,0.11,-1.0
Midgut,0.78,0.13,-1.0
Crop,0.36,0.09,-1.0
Thoracicoabdominal ganglion,0.45,0,-1.0
Brain / CNS,0.69,0.13,-1.0
Whole body,1.7,0.42,-1.0
