,FPKM_male_adult,SD_male_adult,enrichment_male_adult
Eye,2.39,0.89,1.2
Trachea,0,0,0.0
Garland cells,0,0,0.0
Mated Spermatheca,0,0,0.0
Virgin Spermatheca,0,0,0.0
Ovary,0,0,0.0
Head,1.81,0.3,-1.0
Rectal pad,0.24,0.08,-1.0
Carcass,0.63,0.26,-1.0
Accessory glands,0.83,0.48,-1.0
Testis,0.14,0.02,-1.0
Heart,0.66,0.24,-1.0
Salivary gland,0.7,0.15,-1.0
Fat body,0.59,0.19,-1.0
Malpighian Tubules,0.49,0.18,-1.0
Hindgut,0.25,0.05,-1.0
Midgut,0.84,0.12,-1.0
Crop,0.38,0.16,-1.0
Thoracicoabdominal ganglion,0.45,0.04,-1.0
Brain / CNS,1.79,0.18,-1.0
Whole body,0.58,0.06,-1.0
