,FPKM_male_adult,SD_male_adult,enrichment_male_adult
Crop,41.84,1.17,1.49
Carcass,36.13,6.94,1.28
Whole body,28.17,3.09,1.0
Thoracicoabdominal ganglion,25.11,3.54,0.89
Rectal pad,21.02,1.58,0.75
Hindgut,17.64,1.09,0.63
Salivary gland,13.89,3,0.49
Heart,13.94,2.81,0.49
Head,11.13,0.75,0.4
Accessory glands,8.35,1.12,0.3
Midgut,8.25,0.24,0.29
Brain / CNS,8.16,0.41,0.29
Eye,7.25,0.83,0.26
Testis,4.97,1.19,0.18
Fat body,3.76,0.79,0.13
Malpighian Tubules,2.83,0.65,0.1
Trachea,0,0,0.0
Ovary,0,0,0.0
Virgin Spermatheca,0,0,0.0
Mated Spermatheca,0,0,0.0
Garland cells,0,0,0.0
