,FPKM_male_adult,SD_male_adult,enrichment_male_adult
Brain / CNS,10.53,0.36,5.26
Thoracicoabdominal ganglion,4.87,0.2,2.44
Head,4.59,0.71,2.29
Eye,3.26,0.27,1.63
Virgin Spermatheca,0,0,0.0
Garland cells,0,0,0.0
Mated Spermatheca,0,0,0.0
Trachea,0,0,0.0
Ovary,0,0,0.0
Rectal pad,1.31,0.19,-1.0
Carcass,1.51,0.16,-1.0
Accessory glands,1.11,0.09,-1.0
Testis,1.57,0.47,-1.0
Heart,1.97,0.29,-1.0
Salivary gland,1.83,0.13,-1.0
Fat body,0.8,0.34,-1.0
Malpighian Tubules,1.44,0.15,-1.0
Hindgut,1.37,0.09,-1.0
Midgut,1.88,0.26,-1.0
Crop,1.96,0.22,-1.0
Whole body,1.79,0.25,-1.0
