,FPKM_male_adult,SD_male_adult,enrichment_male_adult
Accessory glands,24751.7,"4,138.51",4.96
Whole body,4990.83,827.48,1.0
Testis,1023.73,"1,394.2",0.21
Carcass,258.56,186.04,0.05
Hindgut,99.17,136.88,0.02
Fat body,100.78,70.95,0.02
Heart,110.94,37.61,0.02
Rectal pad,70.44,34.65,0.01
Malpighian Tubules,3.36,2.62,0.0
Midgut,0.0,0,0.0
Salivary gland,3.88,5.25,0.0
Eye,5.78,7.83,0.0
Trachea,0,0,0.0
Ovary,0,0,0.0
Virgin Spermatheca,0,0,0.0
Mated Spermatheca,0,0,0.0
Crop,3.37,1.87,0.0
Thoracicoabdominal ganglion,1.64,2.31,0.0
Brain / CNS,0.63,0.25,0.0
Garland cells,0,0,0.0
Head,1.02,0.98,0.0
