,FPKM_male_adult,SD_male_adult,enrichment_male_adult
Testis,25.74,3.81,3.1
Heart,16.38,2.43,1.98
Fat body,9.6,0.51,1.16
Carcass,8.93,0.1,1.08
Salivary gland,8.59,1.05,1.04
Accessory glands,8.54,1.4,1.03
Whole body,8.29,0.52,1.0
Malpighian Tubules,7.88,1.6,0.95
Midgut,6.37,1.06,0.77
Eye,6.33,0.51,0.76
Thoracicoabdominal ganglion,5.25,0.17,0.63
Crop,5.13,0.08,0.62
Head,4.49,0.41,0.54
Hindgut,4.4,0.2,0.53
Brain / CNS,4.4,0.27,0.53
Rectal pad,3.9,0.42,0.47
Trachea,0,0,0.0
Ovary,0,0,0.0
Virgin Spermatheca,0,0,0.0
Mated Spermatheca,0,0,0.0
Garland cells,0,0,0.0
