,FPKM_male_adult,SD_male_adult,enrichment_male_adult
Malpighian Tubules,8.82,1.74,2.59
Brain / CNS,7.98,0.34,2.35
Head,6.27,0.87,1.84
Thoracicoabdominal ganglion,5.9,0.48,1.74
Testis,5.49,1.38,1.61
Eye,4.12,0.08,1.21
Rectal pad,3.73,0.45,1.1
Midgut,3.56,0.18,1.05
Whole body,3.4,0.31,1.0
Heart,2.42,0.97,0.71
Salivary gland,2.38,0.02,0.7
Carcass,2.24,0.32,0.66
Crop,1.9,0.34,0.56
Hindgut,1.88,0.22,0.55
Accessory glands,1.52,0.08,0.45
Fat body,1.18,0.27,0.35
Trachea,0,0,0.0
Ovary,0,0,0.0
Virgin Spermatheca,0,0,0.0
Mated Spermatheca,0,0,0.0
Garland cells,0,0,0.0
