,FPKM_male_adult,SD_male_adult,enrichment_male_adult
Head,9.42,0.67,4.06
Brain / CNS,5.35,0.71,2.31
Thoracicoabdominal ganglion,4.61,1.17,1.99
Eye,3.77,1.04,1.63
Testis,2.59,1.03,1.12
Whole body,2.32,0.23,1.0
Carcass,0.53,0.24,0.23
Midgut,0.49,0.13,0.21
Heart,0.31,0.12,0.13
Salivary gland,0.27,0,0.12
Hindgut,0.22,0.08,0.09
Malpighian Tubules,0.19,0.02,0.08
Crop,0.19,0,0.08
Fat body,0.17,0.11,0.07
Rectal pad,0.13,0.03,0.06
Accessory glands,0.02,0.02,0.01
Trachea,0,0,0.0
Ovary,0,0,0.0
Virgin Spermatheca,0,0,0.0
Mated Spermatheca,0,0,0.0
Garland cells,0,0,0.0
