,FPKM_male_adult,SD_male_adult,enrichment_male_adult
Heart,664.85,128.12,2.82
Malpighian Tubules,585.78,129.97,2.48
Carcass,425.41,87.62,1.8
Fat body,391.56,28.37,1.66
Whole body,235.75,14.44,1.0
Midgut,158.0,24.62,0.67
Crop,157.5,7.48,0.67
Rectal pad,129.6,12.15,0.55
Testis,92.61,15.56,0.39
Head,86.88,3.62,0.37
Eye,71.44,17.35,0.3
Salivary gland,67.59,2.96,0.29
Thoracicoabdominal ganglion,35.27,3.44,0.15
Hindgut,25.61,4.47,0.11
Accessory glands,26.73,0.38,0.11
Brain / CNS,11.27,3.64,0.05
Trachea,0,0,0.0
Ovary,0,0,0.0
Virgin Spermatheca,0,0,0.0
Mated Spermatheca,0,0,0.0
Garland cells,0,0,0.0
