,FPKM_male_adult,SD_male_adult,enrichment_male_adult
Trachea,0,0,0.0
Garland cells,0,0,0.0
Mated Spermatheca,0,0,0.0
Virgin Spermatheca,0,0,0.0
Ovary,0,0,0.0
Head,0.6,0.1,-1.0
Rectal pad,0.06,0.01,-1.0
Carcass,0.44,0.02,-1.0
Accessory glands,0.36,0.24,-1.0
Testis,0.96,0.34,-1.0
Heart,0.24,0.06,-1.0
Eye,0.98,0.26,-1.0
Salivary gland,0.36,0.04,-1.0
Fat body,0.07,0.03,-1.0
Malpighian Tubules,0.63,0.09,-1.0
Hindgut,0.07,0.01,-1.0
Midgut,0.21,0.08,-1.0
Crop,0.28,0.01,-1.0
Thoracicoabdominal ganglion,0.23,0.03,-1.0
Brain / CNS,0.07,0.04,-1.0
Whole body,0.7,0.09,-1.0
