,FPKM_male_adult,SD_male_adult,enrichment_male_adult
Eye,11674.1,633.99,37.6
Head,1933.91,181.81,6.23
Whole body,310.45,59.09,1.0
Salivary gland,50.26,10.78,0.16
Brain / CNS,15.23,9.65,0.05
Crop,13.07,10.42,0.04
Carcass,4.2,4.53,0.01
Thoracicoabdominal ganglion,0.74,0.16,0.0
Mated Spermatheca,0,0,0.0
Garland cells,0,0,0.0
Rectal pad,0.37,0.2,0.0
Accessory glands,0.02,0.03,0.0
Testis,1.11,1.18,0.0
Ovary,0,0,0.0
Virgin Spermatheca,0,0,0.0
Trachea,0,0,0.0
Fat body,0.09,0.16,0.0
Malpighian Tubules,0.35,0.53,0.0
Hindgut,0.05,0.03,0.0
Midgut,0.13,0.12,0.0
Heart,0.19,0.19,0.0
