,FPKM_male_adult,SD_male_adult,enrichment_male_adult
Salivary gland,27.2,0.85,2.97
Crop,22.45,0.15,2.45
Malpighian Tubules,18.35,1.03,2.0
Eye,16.11,2.01,1.76
Midgut,15.96,0.53,1.74
Hindgut,15.74,1.27,1.72
Rectal pad,13.34,0.53,1.45
Heart,9.96,1.35,1.09
Accessory glands,9.18,0.5,1.0
Whole body,9.17,0.17,1.0
Carcass,8.46,0.99,0.92
Head,8.26,0.6,0.9
Thoracicoabdominal ganglion,7.13,0.18,0.78
Fat body,6.42,0.76,0.7
Brain / CNS,4.56,0.1,0.5
Testis,3.57,0.72,0.39
Trachea,0,0,0.0
Ovary,0,0,0.0
Virgin Spermatheca,0,0,0.0
Mated Spermatheca,0,0,0.0
Garland cells,0,0,0.0
