,FPKM_male_adult,SD_male_adult,enrichment_male_adult
Testis,186.38,16.14,2.51
Crop,166.1,35.93,2.24
Whole body,74.21,4.61,1.0
Carcass,63.31,4.95,0.85
Rectal pad,51.13,4.21,0.69
Midgut,33.07,13.73,0.45
Accessory glands,29.57,1.49,0.4
Heart,23.52,3.43,0.32
Thoracicoabdominal ganglion,17.84,2.35,0.24
Head,16.93,1.39,0.23
Fat body,12.62,1.56,0.17
Salivary gland,12.38,2.2,0.17
Hindgut,12.76,1.42,0.17
Eye,8.75,0.41,0.12
Malpighian Tubules,2.43,2.3,0.03
Brain / CNS,0.92,1.22,0.01
Trachea,0,0,0.0
Ovary,0,0,0.0
Virgin Spermatheca,0,0,0.0
Mated Spermatheca,0,0,0.0
Garland cells,0,0,0.0
