,FPKM_male_adult,SD_male_adult,enrichment_male_adult
Malpighian Tubules,161.68,41.19,4.76
Midgut,109.83,4.2,3.23
Testis,79.78,3.03,2.35
Heart,64.28,10.52,1.89
Whole body,33.99,2.86,1.0
Thoracicoabdominal ganglion,25.78,0.91,0.76
Salivary gland,23.21,0.91,0.68
Hindgut,21.68,5.12,0.64
Fat body,21.87,5.39,0.64
Carcass,21.11,1.1,0.62
Head,20.86,1.99,0.61
Brain / CNS,20.25,1.31,0.6
Rectal pad,20.5,2.24,0.6
Eye,14.83,3.56,0.44
Accessory glands,14.79,1.9,0.44
Crop,13.52,2.7,0.4
Trachea,0,0,0.0
Ovary,0,0,0.0
Virgin Spermatheca,0,0,0.0
Mated Spermatheca,0,0,0.0
Garland cells,0,0,0.0
