,FPKM_male_adult,SD_male_adult,enrichment_male_adult
Testis,923.92,34.33,9.93
Whole body,93.08,12.59,1.0
Carcass,13.29,7.56,0.14
Malpighian Tubules,8.83,9.84,0.09
Heart,8.11,1.43,0.09
Fat body,7.56,3.16,0.08
Salivary gland,5.23,4.52,0.06
Midgut,4.1,0.71,0.04
Crop,2.54,1.39,0.03
Hindgut,1.74,1.84,0.02
Accessory glands,2.07,1.13,0.02
Eye,0.88,0.04,0.01
Thoracicoabdominal ganglion,1.38,0.77,0.01
Brain / CNS,1.26,1.65,0.01
Rectal pad,0.75,0.17,0.01
Head,0.88,0.05,0.01
Trachea,0,0,0.0
Ovary,0,0,0.0
Virgin Spermatheca,0,0,0.0
Mated Spermatheca,0,0,0.0
Garland cells,0,0,0.0
