,FPKM_male_adult,SD_male_adult,enrichment_male_adult
Testis,2.18,0.27,1.09
Trachea,0,0,0.0
Garland cells,0,0,0.0
Mated Spermatheca,0,0,0.0
Virgin Spermatheca,0,0,0.0
Ovary,0,0,0.0
Head,1.47,0.16,-1.0
Rectal pad,0.0,0.01,-1.0
Carcass,0.09,0.03,-1.0
Accessory glands,0.01,0.01,-1.0
Heart,0.05,0.02,-1.0
Eye,0.12,0.04,-1.0
Salivary gland,0.04,0.02,-1.0
Fat body,0.07,0.07,-1.0
Malpighian Tubules,0.02,0.02,-1.0
Hindgut,0.02,0.01,-1.0
Midgut,0.05,0.06,-1.0
Crop,0.02,0.01,-1.0
Thoracicoabdominal ganglion,0.62,0.08,-1.0
Brain / CNS,1.67,0.11,-1.0
Whole body,0.44,0.15,-1.0
