,FPKM_male_adult,SD_male_adult,enrichment_male_adult
Thoracicoabdominal ganglion,387.71,32.7,19.17
Carcass,56.78,17.49,2.81
Salivary gland,25.5,2.67,1.26
Whole body,20.22,5.36,1.0
Crop,14.91,18.39,0.74
Head,5.86,1.69,0.29
Brain / CNS,4.54,7.68,0.22
Eye,2.83,1.56,0.14
Heart,1.36,0.52,0.07
Malpighian Tubules,0.5,0.18,0.02
Fat body,0.34,0.16,0.02
Rectal pad,0.37,0.34,0.02
Hindgut,0.2,0.03,0.01
Testis,0.2,0.05,0.01
Accessory glands,0.18,0.13,0.01
Midgut,0.0,0,0.0
Trachea,0,0,0.0
Ovary,0,0,0.0
Virgin Spermatheca,0,0,0.0
Mated Spermatheca,0,0,0.0
Garland cells,0,0,0.0
