,FPKM_male_adult,SD_male_adult,enrichment_male_adult
Eye,52.92,11.96,7.45
Head,47.84,5.95,6.74
Hindgut,32.34,3.32,4.55
Thoracicoabdominal ganglion,21.64,0.66,3.05
Brain / CNS,20.27,5.14,2.85
Whole body,7.1,0.6,1.0
Testis,4.64,1.03,0.65
Rectal pad,4.51,0.33,0.64
Carcass,3.14,0.4,0.44
Heart,1.64,0.68,0.23
Fat body,1.45,0.45,0.2
Salivary gland,1.38,0.15,0.19
Crop,0.52,0.21,0.07
Malpighian Tubules,0.43,0.22,0.06
Midgut,0.32,0.17,0.05
Accessory glands,0.19,0.09,0.03
Trachea,0,0,0.0
Ovary,0,0,0.0
Virgin Spermatheca,0,0,0.0
Mated Spermatheca,0,0,0.0
Garland cells,0,0,0.0
