,FPKM_male_adult,SD_male_adult,enrichment_male_adult
Thoracicoabdominal ganglion,125.41,1.98,5.79
Brain / CNS,85.08,5.01,3.93
Eye,75.66,4.62,3.49
Head,48.37,4.06,2.23
Malpighian Tubules,41.66,3.37,1.92
Midgut,36.52,2.1,1.69
Crop,28.02,0.18,1.29
Testis,26.51,2.87,1.22
Rectal pad,26.38,1.52,1.22
Hindgut,25.17,2.18,1.16
Carcass,24.73,1.19,1.14
Salivary gland,23.8,0.3,1.1
Whole body,21.66,3.76,1.0
Accessory glands,19.69,2.01,0.91
Fat body,13.89,3.57,0.64
Heart,12.78,3.28,0.59
Virgin Spermatheca,0,0,0.0
Mated Spermatheca,0,0,0.0
Ovary,0,0,0.0
Trachea,0,0,0.0
Garland cells,0,0,0.0
