,FPKM_male_adult,SD_male_adult,enrichment_male_adult
Testis,2.92,0.67,1.46
Trachea,0,0,0.0
Garland cells,0,0,0.0
Mated Spermatheca,0,0,0.0
Virgin Spermatheca,0,0,0.0
Ovary,0,0,0.0
Head,0.91,0.21,-1.0
Rectal pad,0.84,0.18,-1.0
Carcass,0.84,0.05,-1.0
Accessory glands,0.89,0.03,-1.0
Heart,0.28,0.1,-1.0
Eye,1.06,0.23,-1.0
Salivary gland,1.19,0.51,-1.0
Fat body,0.65,0.57,-1.0
Malpighian Tubules,0.78,0.09,-1.0
Hindgut,0.71,0.18,-1.0
Midgut,0.7,0.35,-1.0
Crop,1.46,0.11,-1.0
Thoracicoabdominal ganglion,1.06,0.23,-1.0
Brain / CNS,1.47,0.21,-1.0
Whole body,0.66,0.12,-1.0
