,FPKM_male_adult,SD_male_adult,enrichment_male_adult
Eye,12.15,1.7,2.24
Head,9.36,0.89,1.72
Accessory glands,9.14,0.84,1.68
Brain / CNS,9.05,0.32,1.67
Thoracicoabdominal ganglion,8.77,1,1.62
Midgut,7.93,1.1,1.46
Crop,6.57,0.16,1.21
Whole body,5.43,0.7,1.0
Heart,5.28,1.01,0.97
Salivary gland,4.98,0.51,0.92
Carcass,4.97,0.61,0.92
Hindgut,4.59,0.54,0.85
Malpighian Tubules,4.18,0.42,0.77
Testis,4.09,0.29,0.75
Rectal pad,3.74,0.35,0.69
Fat body,2.76,0.47,0.51
Trachea,0,0,0.0
Ovary,0,0,0.0
Virgin Spermatheca,0,0,0.0
Mated Spermatheca,0,0,0.0
Garland cells,0,0,0.0
