,FPKM_male_adult,SD_male_adult,enrichment_male_adult
Brain / CNS,57.89,4.25,3.32
Accessory glands,51.01,8.02,2.93
Thoracicoabdominal ganglion,43.91,4.05,2.52
Crop,38.88,0.08,2.23
Rectal pad,30.95,2.56,1.78
Malpighian Tubules,30.82,4.31,1.77
Hindgut,29.74,0.33,1.71
Head,29.69,3.52,1.7
Salivary gland,28.2,0.08,1.62
Carcass,25.67,0.67,1.47
Midgut,25.14,0.24,1.44
Eye,24.82,0.89,1.42
Heart,22.23,3.87,1.28
Whole body,17.42,0.09,1.0
Fat body,15.15,1.48,0.87
Testis,7.21,0.5,0.41
Virgin Spermatheca,0,0,0.0
Mated Spermatheca,0,0,0.0
Ovary,0,0,0.0
Trachea,0,0,0.0
Garland cells,0,0,0.0
