,FPKM_male_adult,SD_male_adult,enrichment_male_adult
Hindgut,83.34,144.34,41.67
Trachea,0,0,0.0
Garland cells,0,0,0.0
Mated Spermatheca,0,0,0.0
Virgin Spermatheca,0,0,0.0
Ovary,0,0,0.0
Head,0.28,0.28,-1.0
Rectal pad,0.15,0.27,-1.0
Carcass,0.05,0.09,-1.0
Accessory glands,0.0,0,-1.0
Testis,0.41,0.43,-1.0
Heart,0.0,0,-1.0
Eye,0.16,0.04,-1.0
Salivary gland,0.3,0.19,-1.0
Fat body,0.0,0,-1.0
Malpighian Tubules,0.0,0,-1.0
Midgut,0.0,0,-1.0
Crop,0.06,0.08,-1.0
Thoracicoabdominal ganglion,0.02,0.04,-1.0
Brain / CNS,0.29,0.5,-1.0
Whole body,0.0,0,-1.0
