,FPKM_male_adult,SD_male_adult,enrichment_male_adult
Rectal pad,10.22,0.79,3.27
Thoracicoabdominal ganglion,7.33,0.68,2.34
Hindgut,6.66,0.36,2.13
Malpighian Tubules,5.97,0.83,1.91
Fat body,5.27,0.87,1.68
Eye,5.12,0.74,1.64
Heart,4.4,0.41,1.41
Carcass,3.78,0.42,1.21
Whole body,3.13,0.47,1.0
Salivary gland,2.77,0.03,0.88
Head,2.76,0.29,0.88
Midgut,2.71,0.4,0.87
Crop,2.3,0.13,0.73
Brain / CNS,2.13,0.15,0.68
Testis,2.01,0.1,0.64
Accessory glands,0.26,0.11,0.08
Trachea,0,0,0.0
Ovary,0,0,0.0
Virgin Spermatheca,0,0,0.0
Mated Spermatheca,0,0,0.0
Garland cells,0,0,0.0
