,FPKM_male_adult,SD_male_adult,enrichment_male_adult
Eye,4.69,1.07,1.76
Head,4.64,0.56,1.74
Heart,4.19,1,1.57
Brain / CNS,4.06,0.08,1.52
Midgut,3.76,0.28,1.41
Crop,3.59,0.17,1.34
Fat body,2.93,0.08,1.1
Thoracicoabdominal ganglion,2.81,0.28,1.05
Accessory glands,2.77,0.15,1.04
Malpighian Tubules,2.78,0.63,1.04
Whole body,2.67,0.28,1.0
Carcass,2.22,0.15,0.83
Salivary gland,2.17,0.02,0.81
Hindgut,2.01,0.22,0.75
Rectal pad,1.57,0.18,0.59
Testis,0.84,0.26,0.31
Trachea,0,0,0.0
Virgin Spermatheca,0,0,0.0
Mated Spermatheca,0,0,0.0
Garland cells,0,0,0.0
Ovary,0,0,0.0
