,FPKM_male_adult,SD_male_adult,enrichment_male_adult
Crop,365.78,45.93,5.3
Rectal pad,332.26,16.64,4.82
Hindgut,254.45,13.61,3.69
Salivary gland,118.77,11.1,1.72
Malpighian Tubules,111.44,35.86,1.62
Accessory glands,105.5,19.32,1.53
Thoracicoabdominal ganglion,101.58,0.5,1.47
Head,83.31,11.92,1.21
Eye,75.43,6.58,1.09
Carcass,74.74,6.3,1.08
Whole body,68.97,8.7,1.0
Heart,64.73,10.6,0.94
Testis,47.99,4.91,0.7
Midgut,29.59,5.01,0.43
Brain / CNS,27.91,2.62,0.4
Fat body,19.25,1.72,0.28
Trachea,0,0,0.0
Ovary,0,0,0.0
Virgin Spermatheca,0,0,0.0
Mated Spermatheca,0,0,0.0
Garland cells,0,0,0.0
