,FPKM_male_adult,SD_male_adult,enrichment_male_adult
Trachea,0,0,0.0
Garland cells,0,0,0.0
Mated Spermatheca,0,0,0.0
Virgin Spermatheca,0,0,0.0
Ovary,0,0,0.0
Head,0.71,0.1,-1.0
Rectal pad,0.08,0.01,-1.0
Carcass,0.98,0.09,-1.0
Accessory glands,0.05,0.05,-1.0
Testis,0.32,0.07,-1.0
Heart,0.03,0.03,-1.0
Eye,1.28,0.15,-1.0
Salivary gland,0.05,0.04,-1.0
Fat body,0.09,0.08,-1.0
Malpighian Tubules,0.0,0,-1.0
Hindgut,0.01,0.02,-1.0
Midgut,0.01,0.02,-1.0
Crop,0.18,0.04,-1.0
Thoracicoabdominal ganglion,0.32,0.12,-1.0
Brain / CNS,0.22,0.07,-1.0
Whole body,0.77,0.08,-1.0
