,FPKM_male_adult,SD_male_adult,enrichment_male_adult
Midgut,85.6,5.61,4.15
Malpighian Tubules,54.3,6.16,2.63
Heart,37.16,10.36,1.8
Accessory glands,24.31,1.49,1.18
Hindgut,20.67,2.64,1.0
Whole body,20.63,2.4,1.0
Salivary gland,20.35,2.31,0.99
Thoracicoabdominal ganglion,19.61,3.23,0.95
Carcass,19.46,1.36,0.94
Testis,19.04,0.56,0.92
Eye,18.2,0.74,0.88
Rectal pad,16.72,1.29,0.81
Crop,15.8,3.67,0.77
Head,12.35,1.1,0.6
Fat body,11.15,1.41,0.54
Brain / CNS,11.13,0.26,0.54
Trachea,0,0,0.0
Ovary,0,0,0.0
Virgin Spermatheca,0,0,0.0
Mated Spermatheca,0,0,0.0
Garland cells,0,0,0.0
