,FPKM_male_adult,SD_male_adult,enrichment_male_adult
Hindgut,86.42,149.69,19.33
Testis,16.72,4.88,3.74
Brain / CNS,7.57,12.86,1.69
Whole body,4.47,1.63,1.0
Malpighian Tubules,3.69,4.54,0.83
Head,1.57,0.52,0.35
Rectal pad,0.94,1.19,0.21
Salivary gland,0.76,0.73,0.17
Eye,0.6,0.18,0.13
Crop,0.52,0.32,0.12
Carcass,0.47,0.19,0.11
Accessory glands,0.28,0.48,0.06
Thoracicoabdominal ganglion,0.23,0.16,0.05
Heart,0.22,0.38,0.05
Midgut,0.0,0,0.0
Fat body,0.0,0,0.0
Trachea,0,0,0.0
Ovary,0,0,0.0
Virgin Spermatheca,0,0,0.0
Mated Spermatheca,0,0,0.0
Garland cells,0,0,0.0
