,FPKM_male_adult,SD_male_adult,enrichment_male_adult
Rectal pad,270.82,13.37,2.32
Testis,265.06,30.38,2.27
Heart,213.75,23.87,1.83
Crop,196.52,57.45,1.68
Hindgut,181.33,9.18,1.55
Malpighian Tubules,173.95,39.77,1.49
Eye,169.51,25.42,1.45
Salivary gland,153.12,6.21,1.31
Thoracicoabdominal ganglion,149.28,19.52,1.28
Midgut,148.87,18.24,1.27
Carcass,130.91,28.22,1.12
Head,118.73,14.98,1.02
Fat body,118.95,13.94,1.02
Whole body,116.85,7.2,1.0
Brain / CNS,70.39,2.79,0.6
Accessory glands,48.26,2.46,0.41
Ovary,0,0,0.0
Virgin Spermatheca,0,0,0.0
Mated Spermatheca,0,0,0.0
Trachea,0,0,0.0
Garland cells,0,0,0.0
