,FPKM_male_adult,SD_male_adult,enrichment_male_adult
Brain / CNS,9.94,0.08,1.92
Head,7.77,0.2,1.5
Salivary gland,6.09,0.5,1.18
Crop,6.06,0.95,1.17
Thoracicoabdominal ganglion,5.94,0.17,1.15
Eye,5.79,1.23,1.12
Midgut,5.28,0.52,1.02
Fat body,5.16,0.17,1.0
Whole body,5.17,0.27,1.0
Malpighian Tubules,4.57,0.79,0.88
Hindgut,4.32,0.29,0.84
Carcass,4.04,0.69,0.78
Heart,4.01,1.61,0.78
Testis,3.88,0.65,0.75
Accessory glands,3.76,0.21,0.73
Rectal pad,3.43,0.12,0.66
Trachea,0,0,0.0
Ovary,0,0,0.0
Virgin Spermatheca,0,0,0.0
Mated Spermatheca,0,0,0.0
Garland cells,0,0,0.0
