,FPKM_male_adult,SD_male_adult,enrichment_male_adult
Thoracicoabdominal ganglion,107.72,8.96,22.92
Carcass,10.26,1.46,2.18
Brain / CNS,7.93,0.43,1.69
Whole body,4.7,0.86,1.0
Head,3.88,0.89,0.83
Salivary gland,2.29,0.74,0.49
Crop,0.61,0.01,0.13
Eye,0.45,0.21,0.1
Testis,0.42,0.13,0.09
Fat body,0.21,0.21,0.04
Malpighian Tubules,0.04,0.06,0.01
Midgut,0.0,0,0.0
Hindgut,0.0,0,0.0
Trachea,0,0,0.0
Ovary,0,0,0.0
Virgin Spermatheca,0,0,0.0
Mated Spermatheca,0,0,0.0
Accessory glands,0.0,0,0.0
Rectal pad,0.0,0,0.0
Garland cells,0,0,0.0
Heart,0.0,0,0.0
