,FPKM_male_adult,SD_male_adult,enrichment_male_adult
Brain / CNS,71.32,1.29,5.66
Head,58.85,3.89,4.67
Thoracicoabdominal ganglion,38.94,5.9,3.09
Eye,38.31,10.78,3.04
Whole body,12.61,0.56,1.0
Carcass,3.11,1.51,0.25
Midgut,1.78,0.2,0.14
Salivary gland,1.34,0.16,0.11
Crop,0.73,0.24,0.06
Testis,0.6,0.1,0.05
Fat body,0.41,0.15,0.03
Heart,0.34,0.18,0.03
Accessory glands,0.2,0.03,0.02
Hindgut,0.15,0.02,0.01
Malpighian Tubules,0.15,0.16,0.01
Rectal pad,0.13,0.06,0.01
Trachea,0,0,0.0
Ovary,0,0,0.0
Virgin Spermatheca,0,0,0.0
Mated Spermatheca,0,0,0.0
Garland cells,0,0,0.0
