,FPKM_male_adult,SD_male_adult,enrichment_male_adult
Fat body,5.45,9.44,2.73
Trachea,0,0,0.0
Garland cells,0,0,0.0
Mated Spermatheca,0,0,0.0
Virgin Spermatheca,0,0,0.0
Ovary,0,0,0.0
Head,0.0,0,-1.0
Rectal pad,0.0,0,-1.0
Carcass,0.0,0,-1.0
Accessory glands,0.36,0.62,-1.0
Testis,0.0,0,-1.0
Heart,0.84,1,-1.0
Eye,0.0,0,-1.0
Salivary gland,0.0,0,-1.0
Malpighian Tubules,0.0,0,-1.0
Hindgut,0.0,0,-1.0
Midgut,0.0,0,-1.0
Crop,0.14,0.21,-1.0
Thoracicoabdominal ganglion,0.06,0.08,-1.0
Brain / CNS,0.0,0,-1.0
Whole body,0.0,0,-1.0
