,FPKM_male_adult,SD_male_adult,enrichment_male_adult
Crop,22.86,5.5,2.7
Eye,13.02,2.53,1.54
Accessory glands,12.33,1.28,1.46
Head,11.33,0.78,1.34
Salivary gland,8.85,0.59,1.04
Whole body,8.47,0.81,1.0
Brain / CNS,8.41,0.17,0.99
Hindgut,7.41,0.9,0.87
Carcass,6.24,0.64,0.74
Heart,5.95,1.67,0.7
Malpighian Tubules,4.89,1.5,0.58
Thoracicoabdominal ganglion,4.69,0.1,0.55
Rectal pad,4.3,0.42,0.51
Testis,3.88,1.14,0.46
Fat body,3.09,0.65,0.36
Midgut,2.49,0.62,0.29
Trachea,0,0,0.0
Ovary,0,0,0.0
Virgin Spermatheca,0,0,0.0
Mated Spermatheca,0,0,0.0
Garland cells,0,0,0.0
