,FPKM_male_adult,SD_male_adult,enrichment_male_adult
Brain / CNS,12.86,0.47,6.12
Thoracicoabdominal ganglion,9.8,1.94,4.67
Head,7.88,0.64,3.75
Eye,5.54,1.55,2.64
Crop,3.05,0.23,1.45
Whole body,2.1,0.05,1.0
Heart,1.05,0.41,0.5
Testis,0.93,0.31,0.44
Carcass,0.76,0.36,0.36
Salivary gland,0.47,0.04,0.22
Midgut,0.34,0.05,0.16
Fat body,0.12,0.06,0.06
Accessory glands,0.09,0.01,0.04
Malpighian Tubules,0.07,0.02,0.03
Hindgut,0.02,0.01,0.01
Rectal pad,0.03,0.01,0.01
Trachea,0,0,0.0
Ovary,0,0,0.0
Virgin Spermatheca,0,0,0.0
Mated Spermatheca,0,0,0.0
Garland cells,0,0,0.0
