,FPKM_male_adult,SD_male_adult,enrichment_male_adult
Hindgut,43.58,2.6,21.79
Rectal pad,5.75,0.98,2.88
Trachea,0,0,0.0
Garland cells,0,0,0.0
Mated Spermatheca,0,0,0.0
Virgin Spermatheca,0,0,0.0
Ovary,0,0,0.0
Head,0.3,0.02,-1.0
Carcass,0.7,0.08,-1.0
Accessory glands,0.29,0.06,-1.0
Testis,0.32,0.17,-1.0
Heart,0.81,0.34,-1.0
Eye,0.22,0.04,-1.0
Salivary gland,0.43,0.13,-1.0
Fat body,1.25,0.35,-1.0
Malpighian Tubules,0.45,0.2,-1.0
Midgut,0.49,0.28,-1.0
Crop,0.27,0.17,-1.0
Thoracicoabdominal ganglion,0.39,0.04,-1.0
Brain / CNS,0.4,0.43,-1.0
Whole body,1.07,0.12,-1.0
