,FPKM_male_adult,SD_male_adult,enrichment_male_adult
Testis,32.9,3.6,6.91
Whole body,4.76,0.55,1.0
Thoracicoabdominal ganglion,1.18,0.25,0.25
Eye,0.95,0.25,0.2
Brain / CNS,0.92,0.07,0.19
Carcass,0.64,0.44,0.13
Heart,0.62,0.15,0.13
Malpighian Tubules,0.54,0.82,0.11
Fat body,0.5,0.54,0.11
Salivary gland,0.44,0.37,0.09
Crop,0.44,0.26,0.09
Head,0.35,0.11,0.07
Hindgut,0.24,0.19,0.05
Accessory glands,0.2,0.13,0.04
Rectal pad,0.14,0.06,0.03
Midgut,0.07,0.07,0.01
Trachea,0,0,0.0
Ovary,0,0,0.0
Virgin Spermatheca,0,0,0.0
Mated Spermatheca,0,0,0.0
Garland cells,0,0,0.0
