,FPKM_male_adult,SD_male_adult,enrichment_male_adult
Trachea,0,0,0.0
Garland cells,0,0,0.0
Mated Spermatheca,0,0,0.0
Virgin Spermatheca,0,0,0.0
Ovary,0,0,0.0
Head,0.2,0.14,-1.0
Rectal pad,0.07,0.07,-1.0
Carcass,0.34,0.32,-1.0
Accessory glands,0.0,0,-1.0
Testis,0.96,0.5,-1.0
Heart,0.06,0.11,-1.0
Eye,0.32,0.19,-1.0
Salivary gland,1.3,1.52,-1.0
Fat body,0.0,0,-1.0
Malpighian Tubules,0.13,0.18,-1.0
Hindgut,0.82,1.25,-1.0
Midgut,0.14,0.14,-1.0
Crop,0.07,0,-1.0
Thoracicoabdominal ganglion,0.05,0.04,-1.0
Brain / CNS,0.31,0.45,-1.0
Whole body,0.12,0.11,-1.0
