,FPKM_male_adult,SD_male_adult,enrichment_male_adult
Rectal pad,115.69,6.58,3.26
Heart,105.46,30.61,2.97
Malpighian Tubules,98.0,16.42,2.76
Midgut,96.85,8.29,2.73
Hindgut,79.07,6.38,2.23
Testis,60.13,4.11,1.69
Carcass,57.87,4.96,1.63
Eye,49.61,2.35,1.4
Crop,41.87,2.93,1.18
Head,37.7,1.9,1.06
Whole body,35.49,5.57,1.0
Thoracicoabdominal ganglion,31.72,5.11,0.89
Brain / CNS,29.46,1.86,0.83
Fat body,29.19,4.85,0.82
Salivary gland,23.35,1.48,0.66
Accessory glands,19.35,0.35,0.55
Trachea,0,0,0.0
Ovary,0,0,0.0
Virgin Spermatheca,0,0,0.0
Mated Spermatheca,0,0,0.0
Garland cells,0,0,0.0
