,FPKM_male_adult,SD_male_adult,enrichment_male_adult
Hindgut,450.15,14.62,9.28
Malpighian Tubules,216.74,50.61,4.47
Eye,185.34,31.97,3.82
Rectal pad,95.06,19.42,1.96
Crop,60.97,6.46,1.26
Midgut,58.6,4.7,1.21
Head,49.75,5.18,1.03
Whole body,48.49,6.42,1.0
Thoracicoabdominal ganglion,48.12,0.24,0.99
Brain / CNS,40.98,1.03,0.85
Heart,40.43,6.07,0.83
Carcass,38.8,5.16,0.8
Testis,31.65,1.9,0.65
Fat body,20.85,3.46,0.43
Accessory glands,20.09,0.83,0.41
Salivary gland,16.45,0.39,0.34
Trachea,0,0,0.0
Ovary,0,0,0.0
Virgin Spermatheca,0,0,0.0
Mated Spermatheca,0,0,0.0
Garland cells,0,0,0.0
