,FPKM_male_adult,SD_male_adult,enrichment_male_adult
Eye,920.84,31.01,6.15
Head,329.99,33.63,2.2
Testis,304.44,55.5,2.03
Midgut,298.13,47.29,1.99
Thoracicoabdominal ganglion,284.44,78.02,1.9
Brain / CNS,195.29,5.8,1.3
Whole body,149.83,5.38,1.0
Malpighian Tubules,121.55,18.86,0.81
Carcass,105.75,9.39,0.71
Accessory glands,100.82,14.69,0.67
Hindgut,95.55,31.79,0.64
Heart,92.46,34.27,0.62
Crop,90.26,8.87,0.6
Salivary gland,81.73,20.75,0.55
Rectal pad,70.93,6.72,0.47
Fat body,56.59,9.76,0.38
Trachea,0,0,0.0
Ovary,0,0,0.0
Virgin Spermatheca,0,0,0.0
Mated Spermatheca,0,0,0.0
Garland cells,0,0,0.0
