,FPKM_male_adult,SD_male_adult,enrichment_male_adult
Head,5.69,0.45,2.75
Brain / CNS,3.21,0.13,1.55
Eye,3.06,0.17,1.48
Thoracicoabdominal ganglion,2.25,0.22,1.09
Whole body,2.07,0.05,1.0
Carcass,1.12,0.26,0.54
Salivary gland,0.36,0.02,0.17
Testis,0.33,0.03,0.16
Crop,0.27,0.03,0.13
Rectal pad,0.23,0.01,0.11
Fat body,0.18,0.15,0.09
Heart,0.18,0.11,0.09
Midgut,0.02,0.03,0.01
Malpighian Tubules,0.03,0.01,0.01
Hindgut,0.0,0,0.0
Trachea,0,0,0.0
Ovary,0,0,0.0
Virgin Spermatheca,0,0,0.0
Mated Spermatheca,0,0,0.0
Accessory glands,0.01,0.02,0.0
Garland cells,0,0,0.0
