,FPKM_male_adult,SD_male_adult,enrichment_male_adult
Fat body,1312.4,149.48,12.99
Head,316.28,91.31,3.13
Carcass,274.78,50.67,2.72
Crop,272.97,63.6,2.7
Heart,165.98,39.67,1.64
Eye,162.78,38.47,1.61
Malpighian Tubules,128.14,13.04,1.27
Salivary gland,122.86,0.69,1.22
Whole body,101.01,17.79,1.0
Rectal pad,98.5,4,0.98
Thoracicoabdominal ganglion,96.17,10.16,0.95
Brain / CNS,29.45,1.12,0.29
Hindgut,14.74,0.6,0.15
Accessory glands,7.13,2.07,0.07
Midgut,3.93,2.67,0.04
Testis,3.84,2.02,0.04
Trachea,0,0,0.0
Ovary,0,0,0.0
Virgin Spermatheca,0,0,0.0
Mated Spermatheca,0,0,0.0
Garland cells,0,0,0.0
