,FPKM_male_adult,SD_male_adult,enrichment_male_adult
Trachea,0,0,0.0
Garland cells,0,0,0.0
Mated Spermatheca,0,0,0.0
Virgin Spermatheca,0,0,0.0
Ovary,0,0,0.0
Head,0.03,0.05,-1.0
Rectal pad,0.35,0.16,-1.0
Carcass,0.16,0.04,-1.0
Accessory glands,0.1,0.07,-1.0
Testis,0.19,0.12,-1.0
Heart,0.51,0.23,-1.0
Eye,0.16,0.01,-1.0
Salivary gland,0.18,0.06,-1.0
Fat body,0.32,0.46,-1.0
Malpighian Tubules,0.05,0.04,-1.0
Hindgut,1.11,0.07,-1.0
Midgut,0.02,0.03,-1.0
Crop,0.2,0.08,-1.0
Thoracicoabdominal ganglion,0.07,0.06,-1.0
Brain / CNS,0.09,0.05,-1.0
Whole body,0.18,0.07,-1.0
