,FPKM_male_adult,SD_male_adult,enrichment_male_adult
Midgut,381.17,47.27,2.06
Heart,368.31,87.32,1.99
Salivary gland,354.31,22.67,1.92
Carcass,291.29,17.89,1.58
Eye,282.18,14.86,1.53
Fat body,274.32,12.76,1.48
Accessory glands,271.34,8.85,1.47
Malpighian Tubules,248.04,23.96,1.34
Whole body,184.87,5.95,1.0
Rectal pad,165.7,17.74,0.9
Hindgut,160.72,8.88,0.87
Testis,155.99,6.9,0.84
Head,154.05,6.01,0.83
Crop,146.44,7.41,0.79
Thoracicoabdominal ganglion,73.97,2.69,0.4
Brain / CNS,54.09,1.73,0.29
Trachea,0,0,0.0
Ovary,0,0,0.0
Virgin Spermatheca,0,0,0.0
Mated Spermatheca,0,0,0.0
Garland cells,0,0,0.0
