,FPKM_male_adult,SD_male_adult,enrichment_male_adult
Midgut,21.01,1.18,2.77
Salivary gland,18.44,0.06,2.43
Heart,16.81,3.32,2.22
Crop,14.28,1.88,1.88
Fat body,13.49,1.03,1.78
Thoracicoabdominal ganglion,12.93,0.2,1.71
Eye,11.38,0.24,1.5
Rectal pad,9.92,1.14,1.31
Hindgut,9.39,0.71,1.24
Head,9.07,1.09,1.2
Carcass,8.78,0.57,1.16
Brain / CNS,8.46,0.52,1.12
Whole body,7.58,0.75,1.0
Testis,6.81,0.61,0.9
Malpighian Tubules,5.88,1.08,0.78
Accessory glands,4.13,1.05,0.54
Trachea,0,0,0.0
Ovary,0,0,0.0
Virgin Spermatheca,0,0,0.0
Mated Spermatheca,0,0,0.0
Garland cells,0,0,0.0
