,FPKM_male_adult,SD_male_adult,enrichment_male_adult
Testis,2.79,0.26,1.4
Rectal pad,2.71,1.57,1.35
Trachea,0,0,0.0
Garland cells,0,0,0.0
Mated Spermatheca,0,0,0.0
Virgin Spermatheca,0,0,0.0
Ovary,0,0,0.0
Head,0.16,0.13,-1.0
Carcass,0.33,0.24,-1.0
Accessory glands,0.02,0.03,-1.0
Heart,0.0,0,-1.0
Eye,0.03,0,-1.0
Salivary gland,0.2,0.23,-1.0
Fat body,0.0,0,-1.0
Malpighian Tubules,0.09,0.16,-1.0
Hindgut,0.18,0.16,-1.0
Midgut,0.1,0.04,-1.0
Crop,0.14,0.04,-1.0
Thoracicoabdominal ganglion,0.01,0,-1.0
Brain / CNS,0.04,0.04,-1.0
Whole body,0.36,0.11,-1.0
