,FPKM_male_adult,SD_male_adult,enrichment_male_adult
Thoracicoabdominal ganglion,24.2,2.98,2.44
Malpighian Tubules,19.86,1.35,2.01
Midgut,18.98,1.75,1.92
Salivary gland,18.42,1.63,1.86
Eye,17.01,1.48,1.72
Hindgut,16.4,1.55,1.66
Brain / CNS,15.55,0.8,1.57
Head,14.45,1.12,1.46
Accessory glands,14.14,1.45,1.43
Heart,14.13,3.2,1.43
Testis,12.53,0.77,1.27
Crop,12.15,2.96,1.23
Whole body,9.9,0.79,1.0
Carcass,9.25,1.27,0.93
Rectal pad,7.44,0.4,0.75
Fat body,5.16,1.11,0.52
Trachea,0,0,0.0
Ovary,0,0,0.0
Virgin Spermatheca,0,0,0.0
Mated Spermatheca,0,0,0.0
Garland cells,0,0,0.0
