,FPKM_male_adult,SD_male_adult,enrichment_male_adult
Crop,21.63,0.1,3.28
Accessory glands,21.29,1.34,3.23
Rectal pad,11.43,1.35,1.73
Salivary gland,10.96,0.81,1.66
Eye,10.89,1.34,1.65
Brain / CNS,10.18,0.25,1.54
Thoracicoabdominal ganglion,9.54,0.06,1.45
Head,8.95,0.45,1.36
Hindgut,8.87,0.2,1.34
Carcass,7.73,0.42,1.17
Midgut,7.65,0.11,1.16
Heart,7.45,0.93,1.13
Whole body,6.6,0.27,1.0
Fat body,6.46,1.42,0.98
Malpighian Tubules,5.65,0.94,0.86
Testis,2.2,0.19,0.33
Ovary,0,0,0.0
Virgin Spermatheca,0,0,0.0
Mated Spermatheca,0,0,0.0
Trachea,0,0,0.0
Garland cells,0,0,0.0
