,FPKM_male_adult,SD_male_adult,enrichment_male_adult
Eye,2.92,1.05,1.46
Head,2.6,0.48,1.3
Trachea,0,0,0.0
Garland cells,0,0,0.0
Mated Spermatheca,0,0,0.0
Virgin Spermatheca,0,0,0.0
Ovary,0,0,0.0
Rectal pad,0.0,0,-1.0
Carcass,0.13,0.07,-1.0
Accessory glands,0.18,0.01,-1.0
Testis,0.72,0.23,-1.0
Heart,0.0,0,-1.0
Salivary gland,0.11,0.04,-1.0
Fat body,0.1,0.09,-1.0
Malpighian Tubules,0.01,0.02,-1.0
Hindgut,0.01,0.01,-1.0
Midgut,0.0,0,-1.0
Crop,0.01,0.01,-1.0
Thoracicoabdominal ganglion,0.44,0.15,-1.0
Brain / CNS,1.04,0.05,-1.0
Whole body,0.46,0.02,-1.0
