,FPKM_male_adult,SD_male_adult,enrichment_male_adult
Testis,60.64,5.92,4.07
Salivary gland,23.57,0.07,1.58
Accessory glands,23.58,2.29,1.58
Brain / CNS,22.78,1.53,1.53
Eye,21.9,0.17,1.47
Thoracicoabdominal ganglion,18.22,1.37,1.22
Hindgut,17.73,0.23,1.19
Head,17.19,2.11,1.15
Whole body,14.89,0.51,1.0
Heart,14.39,0.55,0.97
Malpighian Tubules,14.3,2.39,0.96
Rectal pad,14.12,0.82,0.95
Midgut,13.54,0.44,0.91
Carcass,12.7,0.94,0.85
Crop,12.24,0.71,0.82
Fat body,10.64,0.75,0.71
Trachea,0,0,0.0
Ovary,0,0,0.0
Virgin Spermatheca,0,0,0.0
Mated Spermatheca,0,0,0.0
Garland cells,0,0,0.0
