,FPKM_male_adult,SD_male_adult,enrichment_male_adult
Testis,6.46,2.24,3.23
Heart,2.39,0.67,1.2
Thoracicoabdominal ganglion,2.22,0.49,1.11
Accessory glands,2.06,0.26,1.03
Trachea,0,0,0.0
Garland cells,0,0,0.0
Mated Spermatheca,0,0,0.0
Virgin Spermatheca,0,0,0.0
Ovary,0,0,0.0
Rectal pad,0.44,0.01,-1.0
Carcass,1.51,0.3,-1.0
Head,0.0,0,-1.0
Eye,0.0,0.01,-1.0
Salivary gland,0.1,0.02,-1.0
Fat body,1.39,0.26,-1.0
Malpighian Tubules,0.12,0.07,-1.0
Hindgut,0.32,0.09,-1.0
Midgut,0.86,0.14,-1.0
Crop,0.06,0.03,-1.0
Brain / CNS,0.03,0.03,-1.0
Whole body,1.6,0.17,-1.0
