,FPKM_male_adult,SD_male_adult,enrichment_male_adult
Brain / CNS,15.35,0.65,2.33
Crop,14.66,0.5,2.22
Thoracicoabdominal ganglion,13.36,0.11,2.03
Malpighian Tubules,13.39,2.37,2.03
Eye,12.57,3.12,1.91
Head,12.29,0.5,1.86
Salivary gland,10.54,0.64,1.6
Hindgut,9.02,0.29,1.37
Rectal pad,7.83,0.98,1.19
Whole body,6.59,0.64,1.0
Heart,5.88,1.4,0.89
Fat body,5.36,0.26,0.81
Accessory glands,3.93,0.05,0.6
Carcass,3.56,0.51,0.54
Testis,2.03,0.7,0.31
Midgut,1.73,0.1,0.26
Trachea,0,0,0.0
Ovary,0,0,0.0
Virgin Spermatheca,0,0,0.0
Mated Spermatheca,0,0,0.0
Garland cells,0,0,0.0
