,FPKM_male_adult,SD_male_adult,enrichment_male_adult
Malpighian Tubules,186.93,43.79,2.54
Midgut,166.02,13.52,2.25
Testis,146.49,13.86,1.99
Crop,124.13,13.35,1.68
Eye,80.53,7.7,1.09
Rectal pad,78.83,8.29,1.07
Salivary gland,77.14,8.75,1.05
Whole body,73.71,0.98,1.0
Fat body,61.33,3.45,0.83
Head,58.48,2.96,0.79
Hindgut,53.54,8.17,0.73
Carcass,51.0,4.2,0.69
Accessory glands,49.13,4.17,0.67
Heart,42.76,11.21,0.58
Thoracicoabdominal ganglion,36.67,1,0.5
Brain / CNS,21.66,2.03,0.29
Trachea,0,0,0.0
Ovary,0,0,0.0
Virgin Spermatheca,0,0,0.0
Mated Spermatheca,0,0,0.0
Garland cells,0,0,0.0
