,FPKM_male_adult,SD_male_adult,enrichment_male_adult
Crop,14.21,1.94,1.87
Salivary gland,13.95,0.47,1.84
Thoracicoabdominal ganglion,13.9,0.87,1.83
Accessory glands,13.23,0.33,1.74
Brain / CNS,13.24,0.46,1.74
Malpighian Tubules,12.52,1.68,1.65
Fat body,12.52,1.82,1.65
Hindgut,11.47,0.78,1.51
Heart,11.19,1.22,1.47
Rectal pad,11.08,0.85,1.46
Midgut,10.81,0.29,1.42
Carcass,10.77,0.83,1.42
Head,10.22,0.6,1.34
Eye,9.09,0.09,1.2
Whole body,7.6,0.55,1.0
Testis,6.56,1,0.86
Virgin Spermatheca,0,0,0.0
Mated Spermatheca,0,0,0.0
Ovary,0,0,0.0
Trachea,0,0,0.0
Garland cells,0,0,0.0
