,FPKM_male_adult,SD_male_adult,enrichment_male_adult
Eye,68.71,4.44,2.05
Brain / CNS,65.23,0.93,1.94
Salivary gland,61.64,5.78,1.84
Accessory glands,54.12,2.16,1.61
Thoracicoabdominal ganglion,49.5,0.89,1.47
Crop,48.36,3.48,1.44
Malpighian Tubules,47.88,7.27,1.43
Midgut,45.92,6.8,1.37
Head,45.68,0.15,1.36
Hindgut,40.78,1.26,1.21
Heart,40.35,4.38,1.2
Rectal pad,37.86,2.13,1.13
Whole body,33.57,3.69,1.0
Carcass,27.42,0.81,0.82
Testis,26.37,1.56,0.79
Fat body,17.59,0.34,0.52
Trachea,0,0,0.0
Ovary,0,0,0.0
Virgin Spermatheca,0,0,0.0
Mated Spermatheca,0,0,0.0
Garland cells,0,0,0.0
