,FPKM_male_adult,SD_male_adult,enrichment_male_adult
Thoracicoabdominal ganglion,76.0,2.75,2.98
Accessory glands,58.02,8.32,2.27
Eye,48.93,3.48,1.92
Salivary gland,41.12,3.71,1.61
Brain / CNS,33.99,0.76,1.33
Heart,32.6,7.77,1.28
Carcass,32.16,2.05,1.26
Rectal pad,29.75,1.83,1.17
Head,28.51,0.56,1.12
Hindgut,28.53,2.41,1.12
Crop,25.91,3.63,1.01
Whole body,25.53,3.97,1.0
Testis,19.77,1.14,0.77
Midgut,15.13,4.61,0.59
Fat body,12.41,3.05,0.49
Malpighian Tubules,2.68,0.13,0.1
Trachea,0,0,0.0
Ovary,0,0,0.0
Virgin Spermatheca,0,0,0.0
Mated Spermatheca,0,0,0.0
Garland cells,0,0,0.0
