,FPKM_male_adult,SD_male_adult,enrichment_male_adult
Fat body,12.82,0.3,1.65
Head,10.26,1.08,1.32
Heart,9.36,3.69,1.21
Carcass,8.15,0.76,1.05
Whole body,7.76,0.44,1.0
Brain / CNS,7.28,0.71,0.94
Thoracicoabdominal ganglion,7.33,0.41,0.94
Crop,6.93,1.53,0.89
Midgut,6.59,0.78,0.85
Salivary gland,6.29,1.04,0.81
Eye,6.27,0.49,0.81
Malpighian Tubules,5.43,0.52,0.7
Accessory glands,4.46,1.01,0.57
Hindgut,4.01,0.33,0.52
Rectal pad,4.05,0.12,0.52
Testis,3.78,0.58,0.49
Trachea,0,0,0.0
Virgin Spermatheca,0,0,0.0
Mated Spermatheca,0,0,0.0
Garland cells,0,0,0.0
Ovary,0,0,0.0
