,FPKM_male_adult,SD_male_adult,enrichment_male_adult
Fat body,4.63,1.17,2.31
Eye,4.61,0.51,2.31
Brain / CNS,4.08,0.26,2.04
Accessory glands,4.02,0.56,2.01
Heart,3.41,0.32,1.71
Head,2.59,0.13,1.29
Carcass,2.36,0.37,1.18
Trachea,0,0,0.0
Ovary,0,0,0.0
Virgin Spermatheca,0,0,0.0
Mated Spermatheca,0,0,0.0
Garland cells,0,0,0.0
Hindgut,0.48,0.09,-1.0
Malpighian Tubules,0.8,0.06,-1.0
Midgut,0.37,0.08,-1.0
Salivary gland,1.38,0.03,-1.0
Crop,1.07,0.12,-1.0
Testis,1.4,0.03,-1.0
Thoracicoabdominal ganglion,1.8,0.2,-1.0
Rectal pad,0.89,0.04,-1.0
Whole body,1.54,0.21,-1.0
