,FPKM_male_adult,SD_male_adult,enrichment_male_adult
Head,9.16,0.82,4.28
Eye,6.98,2.98,3.26
Brain / CNS,6.2,0.15,2.9
Thoracicoabdominal ganglion,5.04,0.81,2.36
Whole body,2.14,0.18,1.0
Carcass,0.31,0.12,0.14
Salivary gland,0.2,0.02,0.09
Crop,0.13,0.03,0.06
Midgut,0.1,0.06,0.05
Fat body,0.08,0.05,0.04
Heart,0.08,0.03,0.04
Testis,0.06,0.05,0.03
Rectal pad,0.04,0.03,0.02
Hindgut,0.01,0.02,0.0
Malpighian Tubules,0.01,0.01,0.0
Trachea,0,0,0.0
Ovary,0,0,0.0
Virgin Spermatheca,0,0,0.0
Mated Spermatheca,0,0,0.0
Accessory glands,0.0,0,0.0
Garland cells,0,0,0.0
