,FPKM_male_adult,SD_male_adult,enrichment_male_adult
Testis,9.54,0.76,2.94
Accessory glands,6.75,0.5,2.08
Malpighian Tubules,6.07,0.55,1.87
Crop,5.64,0.22,1.74
Midgut,5.16,0.92,1.59
Fat body,5.0,2.54,1.54
Carcass,4.9,0.69,1.51
Heart,4.71,0.65,1.45
Hindgut,4.72,0.67,1.45
Salivary gland,4.7,0.53,1.45
Rectal pad,3.98,0.44,1.22
Eye,3.86,0.03,1.19
Whole body,3.25,0.39,1.0
Head,2.9,0.71,0.89
Thoracicoabdominal ganglion,2.63,0.06,0.81
Brain / CNS,2.11,0.19,0.65
Virgin Spermatheca,0,0,0.0
Mated Spermatheca,0,0,0.0
Ovary,0,0,0.0
Trachea,0,0,0.0
Garland cells,0,0,0.0
