,FPKM_male_adult,SD_male_adult,enrichment_male_adult
Crop,57.28,2.21,3.4
Salivary gland,53.05,2.91,3.15
Hindgut,40.72,2.09,2.42
Rectal pad,38.63,2.64,2.29
Heart,37.05,3.18,2.2
Malpighian Tubules,34.53,7.31,2.05
Accessory glands,32.23,3.87,1.91
Midgut,31.22,1.46,1.85
Eye,22.21,0.36,1.32
Carcass,22.24,1.23,1.32
Whole body,16.86,0.66,1.0
Head,13.95,0.77,0.83
Fat body,13.82,2.8,0.82
Thoracicoabdominal ganglion,11.65,1.67,0.69
Testis,4.55,0.19,0.27
Brain / CNS,4.44,0.27,0.26
Trachea,0,0,0.0
Ovary,0,0,0.0
Virgin Spermatheca,0,0,0.0
Mated Spermatheca,0,0,0.0
Garland cells,0,0,0.0
