,FPKM_male_adult,SD_male_adult,enrichment_male_adult
Brain / CNS,16.82,1.03,2.26
Thoracicoabdominal ganglion,13.79,0.13,1.85
Eye,13.22,1.11,1.78
Accessory glands,13.09,1.49,1.76
Head,12.21,1.43,1.64
Midgut,12.05,0.85,1.62
Crop,11.79,0.11,1.58
Salivary gland,10.58,1.15,1.42
Carcass,10.39,0.93,1.4
Fat body,9.59,1.34,1.29
Hindgut,9.27,0.89,1.25
Malpighian Tubules,8.88,1.27,1.19
Rectal pad,8.3,0.67,1.12
Whole body,7.44,0.48,1.0
Heart,7.19,1.41,0.97
Testis,5.49,0.86,0.74
Mated Spermatheca,0,0,0.0
Virgin Spermatheca,0,0,0.0
Ovary,0,0,0.0
Trachea,0,0,0.0
Garland cells,0,0,0.0
