,FPKM_male_adult,SD_male_adult,enrichment_male_adult
Testis,23.14,1.63,4.07
Brain / CNS,9.04,0.25,1.59
Eye,6.71,0.25,1.18
Whole body,5.69,0.23,1.0
Thoracicoabdominal ganglion,5.6,0,0.98
Head,5.3,0.57,0.93
Crop,5.13,0.63,0.9
Salivary gland,4.6,0.01,0.81
Midgut,4.49,0.19,0.79
Accessory glands,4.44,0.43,0.78
Heart,4.14,0.29,0.73
Carcass,3.73,0.04,0.66
Rectal pad,3.63,0.39,0.64
Hindgut,3.58,0.28,0.63
Malpighian Tubules,3.31,0.25,0.58
Fat body,3.26,0.36,0.57
Trachea,0,0,0.0
Ovary,0,0,0.0
Virgin Spermatheca,0,0,0.0
Mated Spermatheca,0,0,0.0
Garland cells,0,0,0.0
