,FPKM_male_adult,SD_male_adult,enrichment_male_adult
Eye,593.59,77.97,3.02
Salivary gland,462.51,40.55,2.36
Heart,419.82,55.77,2.14
Crop,417.38,28.31,2.13
Rectal pad,386.59,6.23,1.97
Accessory glands,334.89,7.03,1.71
Carcass,322.09,42.85,1.64
Hindgut,317.22,12.86,1.62
Head,283.19,13.1,1.44
Malpighian Tubules,277.84,49,1.42
Midgut,207.72,5.79,1.06
Whole body,196.29,4.26,1.0
Thoracicoabdominal ganglion,181.03,22.2,0.92
Fat body,156.83,13.22,0.8
Testis,147.15,12.46,0.75
Brain / CNS,127.63,4.45,0.65
Trachea,0,0,0.0
Ovary,0,0,0.0
Virgin Spermatheca,0,0,0.0
Mated Spermatheca,0,0,0.0
Garland cells,0,0,0.0
