,FPKM_male_adult,SD_male_adult,enrichment_male_adult
Eye,5.26,0.97,2.63
Trachea,0,0,0.0
Garland cells,0,0,0.0
Mated Spermatheca,0,0,0.0
Virgin Spermatheca,0,0,0.0
Ovary,0,0,0.0
Head,1.36,0.14,-1.0
Rectal pad,0.5,0.02,-1.0
Carcass,0.85,0.13,-1.0
Accessory glands,0.03,0.01,-1.0
Testis,0.26,0.03,-1.0
Heart,0.21,0.09,-1.0
Salivary gland,0.32,0,-1.0
Fat body,0.04,0.03,-1.0
Malpighian Tubules,0.01,0.02,-1.0
Hindgut,0.47,0.09,-1.0
Midgut,0.04,0.04,-1.0
Crop,1.01,0.31,-1.0
Thoracicoabdominal ganglion,0.23,0.07,-1.0
Brain / CNS,0.05,0.03,-1.0
Whole body,0.89,0.16,-1.0
