,FPKM_male_adult,SD_male_adult,enrichment_male_adult
Trachea,0,0,0.0
Garland cells,0,0,0.0
Mated Spermatheca,0,0,0.0
Virgin Spermatheca,0,0,0.0
Ovary,0,0,0.0
Head,0.95,0.08,-1.0
Rectal pad,0.04,0.03,-1.0
Carcass,0.18,0.02,-1.0
Accessory glands,0.04,0.04,-1.0
Testis,0.39,0.12,-1.0
Heart,0.78,0.34,-1.0
Eye,0.21,0.04,-1.0
Salivary gland,0.06,0.02,-1.0
Fat body,0.17,0.21,-1.0
Malpighian Tubules,0.02,0.02,-1.0
Hindgut,0.05,0.01,-1.0
Midgut,0.01,0.02,-1.0
Crop,0.03,0.04,-1.0
Thoracicoabdominal ganglion,0.18,0.04,-1.0
Brain / CNS,0.09,0.02,-1.0
Whole body,0.48,0.12,-1.0
