,FPKM_male_adult,SD_male_adult,enrichment_male_adult
Carcass,1145.95,132.07,2.18
Salivary gland,762.01,30.47,1.45
Whole body,526.36,45.11,1.0
Heart,516.58,50.76,0.98
Thoracicoabdominal ganglion,470.08,73.4,0.89
Fat body,414.71,35.02,0.79
Crop,295.55,116.79,0.56
Rectal pad,289.44,28.83,0.55
Malpighian Tubules,276.33,63.43,0.52
Eye,263.01,29.84,0.5
Testis,255.24,34.33,0.48
Head,230.38,14.43,0.44
Hindgut,224.89,9.28,0.43
Midgut,190.96,8.82,0.36
Brain / CNS,152.08,24.12,0.29
Accessory glands,132.98,23.46,0.25
Virgin Spermatheca,0,0,0.0
Mated Spermatheca,0,0,0.0
Trachea,0,0,0.0
Garland cells,0,0,0.0
Ovary,0,0,0.0
