,FPKM_male_adult,SD_male_adult,enrichment_male_adult
Rectal pad,15.11,0.47,7.55
Eye,3.2,0.1,1.6
Carcass,2.18,1.06,1.09
Trachea,0,0,0.0
Garland cells,0,0,0.0
Mated Spermatheca,0,0,0.0
Virgin Spermatheca,0,0,0.0
Ovary,0,0,0.0
Head,1.44,0.6,-1.0
Accessory glands,0.03,0.05,-1.0
Testis,0.09,0.1,-1.0
Heart,0.61,0.45,-1.0
Salivary gland,0.64,0.44,-1.0
Fat body,0.39,0.21,-1.0
Malpighian Tubules,0.21,0.1,-1.0
Hindgut,0.43,0.13,-1.0
Midgut,0.49,0.16,-1.0
Crop,0.94,0.45,-1.0
Thoracicoabdominal ganglion,0.7,0.25,-1.0
Brain / CNS,0.31,0.12,-1.0
Whole body,1.28,0.39,-1.0
