,FPKM_male_adult,SD_male_adult,enrichment_male_adult
Eye,2.39,0.18,1.2
Trachea,0,0,0.0
Garland cells,0,0,0.0
Mated Spermatheca,0,0,0.0
Virgin Spermatheca,0,0,0.0
Ovary,0,0,0.0
Head,1.85,0.14,-1.0
Rectal pad,0.87,0.15,-1.0
Carcass,1.08,0.1,-1.0
Accessory glands,1.12,0.12,-1.0
Testis,0.81,0.12,-1.0
Heart,1.56,0.33,-1.0
Salivary gland,1.83,0.07,-1.0
Fat body,0.82,0.19,-1.0
Malpighian Tubules,1.45,0.12,-1.0
Hindgut,1.22,0.19,-1.0
Midgut,1.18,0.18,-1.0
Crop,1.56,0.2,-1.0
Thoracicoabdominal ganglion,1.8,0.18,-1.0
Brain / CNS,1.82,0.23,-1.0
Whole body,1.39,0.18,-1.0
