,FPKM_male_adult,SD_male_adult,enrichment_male_adult
Crop,39.89,1.39,5.29
Rectal pad,25.85,1.15,3.43
Eye,17.47,1.48,2.32
Hindgut,14.63,1.09,1.94
Carcass,12.76,1.18,1.69
Head,12.6,0.76,1.67
Heart,9.94,0.81,1.32
Whole body,7.54,0.13,1.0
Fat body,6.86,1.86,0.91
Accessory glands,6.82,0.82,0.9
Thoracicoabdominal ganglion,5.66,0.54,0.75
Salivary gland,4.94,0.06,0.66
Testis,2.48,0.56,0.33
Brain / CNS,2.18,0.06,0.29
Midgut,2.1,0.24,0.28
Malpighian Tubules,1.79,0.38,0.24
Trachea,0,0,0.0
Ovary,0,0,0.0
Virgin Spermatheca,0,0,0.0
Mated Spermatheca,0,0,0.0
Garland cells,0,0,0.0
